/*
Navicat MySQL Data Transfer

Source Server         : localhost
Source Server Version : 50628
Source Host           : localhost:3306
Source Database       : heze_health

Target Server Type    : MYSQL
Target Server Version : 50628
File Encoding         : 65001

Date: 2016-03-24 19:13:43
*/

SET FOREIGN_KEY_CHECKS=0;

-- ----------------------------
-- Table structure for `t_dept`
-- ----------------------------
DROP TABLE IF EXISTS `t_dept`;
CREATE TABLE `t_dept` (
  `deptId` varchar(10) NOT NULL,
  `name` varchar(50) DEFAULT NULL,
  `address` varchar(100) DEFAULT NULL,
  `hospitalId` varchar(32) DEFAULT NULL,
  `type` int(11) DEFAULT NULL,
  PRIMARY KEY (`deptId`)
) ENGINE=InnoDB DEFAULT CHARSET=utf8;

-- ----------------------------
-- Records of t_dept
-- ----------------------------
INSERT INTO `t_dept` VALUES ('', '外科换药', '', '20009030500001', '2');
INSERT INTO `t_dept` VALUES ('0006', '消化王福贤', '', '20009030500001', null);
INSERT INTO `t_dept` VALUES ('0008', '消化刘庆民', '', '20009030500001', null);
INSERT INTO `t_dept` VALUES ('0016', '消化吴卫东', '', '20009030500001', null);
INSERT INTO `t_dept` VALUES ('0018', '血液桑玉旗', '', '20009030500001', null);
INSERT INTO `t_dept` VALUES ('0019', '消化郭东梅', '', '20009030500001', null);
INSERT INTO `t_dept` VALUES ('0023', '血液刘南', '', '20009030500001', null);
INSERT INTO `t_dept` VALUES ('0024', '消化李庆芝', '', '20009030500001', null);
INSERT INTO `t_dept` VALUES ('0033', '呼吸胡青', '', '20009030500001', null);
INSERT INTO `t_dept` VALUES ('0034', '泌尿内徐令华', '', '20009030500001', null);
INSERT INTO `t_dept` VALUES ('0039', '呼吸董卫平', '', '20009030500001', null);
INSERT INTO `t_dept` VALUES ('0041', '泌尿内田秋菊', '', '20009030500001', null);
INSERT INTO `t_dept` VALUES ('0047', '呼吸李秀宪', '', '20009030500001', null);
INSERT INTO `t_dept` VALUES ('0054', '心内李桂香', '', '20009030500001', null);
INSERT INTO `t_dept` VALUES ('0057', '心内徐秋霞', '', '20009030500001', null);
INSERT INTO `t_dept` VALUES ('0058', '心内晁银霞', '', '20009030500001', null);
INSERT INTO `t_dept` VALUES ('0060', '心内王勇', '', '20009030500001', null);
INSERT INTO `t_dept` VALUES ('0063', '心内张道华', '', '20009030500001', null);
INSERT INTO `t_dept` VALUES ('0064', '心内赵永志', '', '20009030500001', null);
INSERT INTO `t_dept` VALUES ('0081', '神经内朱社华', '', '20009030500001', '8');
INSERT INTO `t_dept` VALUES ('0088', '神经内宗碧云', '', '20009030500001', '8');
INSERT INTO `t_dept` VALUES ('0090', '神经内孙卫亚', '', '20009030500001', '8');
INSERT INTO `t_dept` VALUES ('0096', '神经内王松', '', '20009030500001', '8');
INSERT INTO `t_dept` VALUES ('0097', '神经内吴晓燕', '', '20009030500001', '8');
INSERT INTO `t_dept` VALUES ('01', '消化内科', '门诊二楼西区', '20009030500001', '1');
INSERT INTO `t_dept` VALUES ('0102', '神经内李支援', '', '20009030500001', '8');
INSERT INTO `t_dept` VALUES ('0105', '神经内李丽', '', '20009030500001', '8');
INSERT INTO `t_dept` VALUES ('0106', '神经内吕凤亚', '', '20009030500001', '8');
INSERT INTO `t_dept` VALUES ('0108', '神经内苏成林', '', '20009030500001', '8');
INSERT INTO `t_dept` VALUES ('0109', '神经内王灵芝', '', '20009030500001', '8');
INSERT INTO `t_dept` VALUES ('0117', '神经外王琪', '', '20009030500001', '8');
INSERT INTO `t_dept` VALUES ('0119', '神经外张宏图', '', '20009030500001', '8');
INSERT INTO `t_dept` VALUES ('0127', '神经外张信芳', '', '20009030500001', '8');
INSERT INTO `t_dept` VALUES ('0129', '神经外张全忠', '', '20009030500001', '8');
INSERT INTO `t_dept` VALUES ('0139', '内分泌许冰', '', '20009030500001', null);
INSERT INTO `t_dept` VALUES ('0147', '内三李启云', '', '20009030500001', null);
INSERT INTO `t_dept` VALUES ('0155', '风湿李洪毓', '', '20009030500001', null);
INSERT INTO `t_dept` VALUES ('0157', '内三李元华', '', '20009030500001', null);
INSERT INTO `t_dept` VALUES ('0159', '心内杨光全', '', '20009030500001', null);
INSERT INTO `t_dept` VALUES ('0161', '风湿陈宜恒', '', '20009030500001', null);
INSERT INTO `t_dept` VALUES ('0166', '内三张兆丽', '', '20009030500001', null);
INSERT INTO `t_dept` VALUES ('0170', '胸外崔广德', '', '20009030500001', null);
INSERT INTO `t_dept` VALUES ('0171', '胸外李振龙', '', '20009030500001', null);
INSERT INTO `t_dept` VALUES ('0176', '胸外马震', '', '20009030500001', null);
INSERT INTO `t_dept` VALUES ('0196', '骨外梁云扬', '', '20009030500001', '5');
INSERT INTO `t_dept` VALUES ('02', '血液内科', '门诊二楼西区', '20009030500001', '1');
INSERT INTO `t_dept` VALUES ('0208', '骨外陈永志', '', '20009030500001', '5');
INSERT INTO `t_dept` VALUES ('0213', '骨外张善地', '', '20009030500001', '5');
INSERT INTO `t_dept` VALUES ('0218', '骨外董斌', '', '20009030500001', '5');
INSERT INTO `t_dept` VALUES ('0221', '泌尿外薛广兴', '', '20009030500001', null);
INSERT INTO `t_dept` VALUES ('0223', '泌尿外苑登强', '', '20009030500001', null);
INSERT INTO `t_dept` VALUES ('0224', '泌尿外李洪洲', '', '20009030500001', null);
INSERT INTO `t_dept` VALUES ('0229', '骨外冯勋强', '', '20009030500001', '5');
INSERT INTO `t_dept` VALUES ('0230', '泌尿外郭永', '', '20009030500001', null);
INSERT INTO `t_dept` VALUES ('0233', '烧伤任长印', '', '20009030500001', null);
INSERT INTO `t_dept` VALUES ('0244', '美容刘明生', '', '20009030500001', null);
INSERT INTO `t_dept` VALUES ('0252', '骨外郝鹏', '', '20009030500001', '5');
INSERT INTO `t_dept` VALUES ('0257', '两腺刘洪建', '', '20009030500001', null);
INSERT INTO `t_dept` VALUES ('0258', '胃肠韩要法', '', '20009030500001', null);
INSERT INTO `t_dept` VALUES ('0263', '胃肠邹兴存', '', '20009030500001', null);
INSERT INTO `t_dept` VALUES ('0275', '胃肠祝青', '', '20009030500001', null);
INSERT INTO `t_dept` VALUES ('0277', '肝胆孙智勇', '', '20009030500001', null);
INSERT INTO `t_dept` VALUES ('0287', '妇产唐桂荣', '', '20009030500001', null);
INSERT INTO `t_dept` VALUES ('0297', '妇产李英', '', '20009030500001', null);
INSERT INTO `t_dept` VALUES ('03', '呼吸内科', '门诊二楼西区', '20009030500001', '1');
INSERT INTO `t_dept` VALUES ('0305', '妇产李瑞环', '', '20009030500001', null);
INSERT INTO `t_dept` VALUES ('0306', '妇产霍娟', '', '20009030500001', null);
INSERT INTO `t_dept` VALUES ('0310', '妇产潘雷', '', '20009030500001', null);
INSERT INTO `t_dept` VALUES ('0322', '妇产闫印春', '', '20009030500001', null);
INSERT INTO `t_dept` VALUES ('0334', '内分泌解合兰', '', '20009030500001', null);
INSERT INTO `t_dept` VALUES ('0369', '眼科王艾寅', '', '20009030500001', '7');
INSERT INTO `t_dept` VALUES ('0374', '眼科李俊英', '', '20009030500001', '7');
INSERT INTO `t_dept` VALUES ('0379', '眼科胡翠月', '', '20009030500001', '7');
INSERT INTO `t_dept` VALUES ('0384', '耳鼻喉岳葆婷', '', '20009030500001', null);
INSERT INTO `t_dept` VALUES ('0389', '耳鼻喉刘荷珍', '', '20009030500001', null);
INSERT INTO `t_dept` VALUES ('0392', '耳鼻喉陈立勇', '', '20009030500001', null);
INSERT INTO `t_dept` VALUES ('04', '泌尿内科', '门诊二楼西区', '20009030500001', '1');
INSERT INTO `t_dept` VALUES ('0401', '耳鼻喉陈广杰', '', '20009030500001', null);
INSERT INTO `t_dept` VALUES ('0405', '口腔曾爱荣', '', '20009030500001', null);
INSERT INTO `t_dept` VALUES ('0407', '口腔李莉', '', '20009030500001', null);
INSERT INTO `t_dept` VALUES ('0413', '口腔王益华', '', '20009030500001', null);
INSERT INTO `t_dept` VALUES ('0429', '儿科戚巧云', '', '20009030500001', '4');
INSERT INTO `t_dept` VALUES ('0430', '儿科焦福利', '', '20009030500001', '4');
INSERT INTO `t_dept` VALUES ('0438', '儿科张兰珍', '', '20009030500001', '4');
INSERT INTO `t_dept` VALUES ('0443', '儿科周志远', '', '20009030500001', '4');
INSERT INTO `t_dept` VALUES ('0445', '儿科刘金凤', '', '20009030500001', '4');
INSERT INTO `t_dept` VALUES ('0447', '儿科于文立', '', '20009030500001', '4');
INSERT INTO `t_dept` VALUES ('0450', '儿科王秀琴', '', '20009030500001', '4');
INSERT INTO `t_dept` VALUES ('0456', '妇产姜文', '', '20009030500001', null);
INSERT INTO `t_dept` VALUES ('0459', '儿科常久利', '', '20009030500001', '4');
INSERT INTO `t_dept` VALUES ('0460', '儿科王翠华', '', '20009030500001', '4');
INSERT INTO `t_dept` VALUES ('0464', '儿科张培娥', '', '20009030500001', '4');
INSERT INTO `t_dept` VALUES ('0466', '儿科田玉红', '', '20009030500001', '4');
INSERT INTO `t_dept` VALUES ('0484', '传染苗爱军', '', '20009030500001', null);
INSERT INTO `t_dept` VALUES ('0486', '传染袁兆旭', '', '20009030500001', null);
INSERT INTO `t_dept` VALUES ('0493', '传染马占华', '', '20009030500001', null);
INSERT INTO `t_dept` VALUES ('05', '内分泌科', '门诊二楼西区', '20009030500001', null);
INSERT INTO `t_dept` VALUES ('0553', '麻醉梁兆科', '', '20009030500001', null);
INSERT INTO `t_dept` VALUES ('0554', '麻醉程相灿', '', '20009030500001', null);
INSERT INTO `t_dept` VALUES ('0575', '麻醉张雁', '', '20009030500001', null);
INSERT INTO `t_dept` VALUES ('06', '神经内科', '门诊二楼西区', '20009030500001', '8');
INSERT INTO `t_dept` VALUES ('0634', '门办张雷杰', '', '20009030500001', null);
INSERT INTO `t_dept` VALUES ('07', '心内科', '门诊二楼西区', '20009030500001', '1');
INSERT INTO `t_dept` VALUES ('0718', '放疗高忠民', '', '20009030500001', null);
INSERT INTO `t_dept` VALUES ('0722', '放疗刘秀荣', '', '20009030500001', null);
INSERT INTO `t_dept` VALUES ('0728', '放疗王军', '', '20009030500001', null);
INSERT INTO `t_dept` VALUES ('0729', '放疗陈友山', '', '20009030500001', null);
INSERT INTO `t_dept` VALUES ('0759', '急诊彭中坤', '', '20009030500001', null);
INSERT INTO `t_dept` VALUES ('0760', '急诊牛海涛', '', '20009030500001', null);
INSERT INTO `t_dept` VALUES ('0769', '急诊王立文', '', '20009030500001', null);
INSERT INTO `t_dept` VALUES ('0775', '急诊张随玉', '', '20009030500001', null);
INSERT INTO `t_dept` VALUES ('0776', '急诊冯庆芝', '', '20009030500001', null);
INSERT INTO `t_dept` VALUES ('0783', '急诊付双来', '', '20009030500001', null);
INSERT INTO `t_dept` VALUES ('0787', '骨外冯涛', '', '20009030500001', '5');
INSERT INTO `t_dept` VALUES ('08', '老年病科', '门诊二楼西区', '20009030500001', null);
INSERT INTO `t_dept` VALUES ('0817', '重症二科', '', '20009030500001', null);
INSERT INTO `t_dept` VALUES ('09', '风湿科', '门诊二楼西区', '20009030500001', null);
INSERT INTO `t_dept` VALUES ('10017', '骨外王奇', '', '20009030500001', '5');
INSERT INTO `t_dept` VALUES ('10031', '肝胆赵海旺', '', '20009030500001', null);
INSERT INTO `t_dept` VALUES ('1017', '内三庞少存', '', '20009030500001', null);
INSERT INTO `t_dept` VALUES ('1023', '心内赵新力', '', '20009030500001', null);
INSERT INTO `t_dept` VALUES ('1024', '内三赵锐利', '', '20009030500001', null);
INSERT INTO `t_dept` VALUES ('1072', '骨外宋国华', '', '20009030500001', '5');
INSERT INTO `t_dept` VALUES ('1077', '肝胆刘成科', '', '20009030500001', null);
INSERT INTO `t_dept` VALUES ('1099', '肝胆叶永强', '', '20009030500001', null);
INSERT INTO `t_dept` VALUES ('11', '胸外科', '门诊一楼东区', '20009030500001', '2');
INSERT INTO `t_dept` VALUES ('1101', '心内陈贝健', '', '20009030500001', null);
INSERT INTO `t_dept` VALUES ('11011', '胃肠外科', '门诊一楼东区', '20009030500001', '2');
INSERT INTO `t_dept` VALUES ('11012', '两腺血管外科', '门诊一楼东区', '20009030500001', '2');
INSERT INTO `t_dept` VALUES ('11013', '肝胆疝外', '门诊一楼东区', '20009030500001', null);
INSERT INTO `t_dept` VALUES ('1121', '骨科普通', '', '20009030500001', '5');
INSERT INTO `t_dept` VALUES ('11211', '骨创外科', '门诊一楼东区', '20009030500001', '5');
INSERT INTO `t_dept` VALUES ('11212', '骨关节外科', '门诊一楼东区', '20009030500001', '5');
INSERT INTO `t_dept` VALUES ('11213', '脊柱外科', '', '20009030500001', '2');
INSERT INTO `t_dept` VALUES ('1138', '口腔周东升', '', '20009030500001', null);
INSERT INTO `t_dept` VALUES ('11503', '妇科门诊手术室', '门诊三楼中区', '20009030500001', '3');
INSERT INTO `t_dept` VALUES ('1151', '妇产科普通', '', '20009030500001', '3');
INSERT INTO `t_dept` VALUES ('11511', '孕产妇保健门诊', '', '20009030500001', null);
INSERT INTO `t_dept` VALUES ('1158', '内三张玲', '', '20009030500001', null);
INSERT INTO `t_dept` VALUES ('1163', '儿科刘月东', '', '20009030500001', '4');
INSERT INTO `t_dept` VALUES ('1169', '骨外刘振', '', '20009030500001', '5');
INSERT INTO `t_dept` VALUES ('1197', '骨外于剑', '', '20009030500001', '5');
INSERT INTO `t_dept` VALUES ('12', '骨外科', '', '20009030500001', '5');
INSERT INTO `t_dept` VALUES ('1201', '口腔普通', '', '20009030500001', null);
INSERT INTO `t_dept` VALUES ('12148', '司法鉴定所', '', '20009030500001', null);
INSERT INTO `t_dept` VALUES ('1221', '小儿外葛芙蓉', '', '20009030500001', null);
INSERT INTO `t_dept` VALUES ('1223', '神经外任建军', '', '20009030500001', '8');
INSERT INTO `t_dept` VALUES ('1231', '两腺魏志新', '', '20009030500001', null);
INSERT INTO `t_dept` VALUES ('1235', '眼科杨一涛', '', '20009030500001', '7');
INSERT INTO `t_dept` VALUES ('1258', '风湿闵伟琪', '', '20009030500001', null);
INSERT INTO `t_dept` VALUES ('1261', '神经内朱明', '', '20009030500001', '8');
INSERT INTO `t_dept` VALUES ('1262', '传染葛方启', '', '20009030500001', null);
INSERT INTO `t_dept` VALUES ('1263', '神经外郭西文', '', '20009030500001', '8');
INSERT INTO `t_dept` VALUES ('1264', '胸外马心健', '', '20009030500001', null);
INSERT INTO `t_dept` VALUES ('1265', '骨外沙启乐', '', '20009030500001', '5');
INSERT INTO `t_dept` VALUES ('1266', '妇产吴继海', '', '20009030500001', null);
INSERT INTO `t_dept` VALUES ('1268', '麻醉郭钊', '', '20009030500001', null);
INSERT INTO `t_dept` VALUES ('1269', '两腺王伯祥', '', '20009030500001', null);
INSERT INTO `t_dept` VALUES ('1270', '心内吴付轩', '', '20009030500001', null);
INSERT INTO `t_dept` VALUES ('1271', '胸外王超峰', '', '20009030500001', null);
INSERT INTO `t_dept` VALUES ('1272', '骨外张勇', '', '20009030500001', '5');
INSERT INTO `t_dept` VALUES ('1274', '骨外于桂生', '', '20009030500001', '5');
INSERT INTO `t_dept` VALUES ('1277', '骨外冯松柏', '', '20009030500001', '5');
INSERT INTO `t_dept` VALUES ('1278', '消化马艳丽', '', '20009030500001', null);
INSERT INTO `t_dept` VALUES ('1288', '骨外步国强', '', '20009030500001', '5');
INSERT INTO `t_dept` VALUES ('1289', '烧伤于庆平', '', '20009030500001', null);
INSERT INTO `t_dept` VALUES ('13', '泌尿外科', '门诊一楼东区', '20009030500001', '2');
INSERT INTO `t_dept` VALUES ('1311', '中医科特色门诊', '门诊二楼东区', '20009030500001', null);
INSERT INTO `t_dept` VALUES ('1340', '神经内李玉文', '', '20009030500001', '8');
INSERT INTO `t_dept` VALUES ('13501', '口矫室', '', '20009030500001', null);
INSERT INTO `t_dept` VALUES ('1361', '血液颜安佩', '', '20009030500001', null);
INSERT INTO `t_dept` VALUES ('1362', '血液关建民', '', '20009030500001', null);
INSERT INTO `t_dept` VALUES ('1375', '骨外毛仲轩', '', '20009030500001', '5');
INSERT INTO `t_dept` VALUES ('139', '心脏血管外科', '门诊一楼东区', '20009030500001', '2');
INSERT INTO `t_dept` VALUES ('1391', '口腔张立生', '', '20009030500001', null);
INSERT INTO `t_dept` VALUES ('14', '神经外科', '门诊一楼东区', '20009030500001', '8');
INSERT INTO `t_dept` VALUES ('14001', '内科普通门诊', '', '20009030500001', '1');
INSERT INTO `t_dept` VALUES ('14002', '外科普通门诊', '', '20009030500001', '2');
INSERT INTO `t_dept` VALUES ('14003', '妇科普通门诊', '', '20009030500001', '3');
INSERT INTO `t_dept` VALUES ('14004', '儿科普通门诊', '', '20009030500001', '4');
INSERT INTO `t_dept` VALUES ('14005', '眼科普通门诊', '', '20009030500001', '7');
INSERT INTO `t_dept` VALUES ('14006', '耳鼻喉普通门诊', '', '20009030500001', null);
INSERT INTO `t_dept` VALUES ('14007', '口腔普通门诊', '', '20009030500001', null);
INSERT INTO `t_dept` VALUES ('14008', '皮肤普通门诊', '', '20009030500001', '6');
INSERT INTO `t_dept` VALUES ('14009', '营养科普通门诊', '', '20009030500001', null);
INSERT INTO `t_dept` VALUES ('141', 'PICC门诊', '门诊三楼西区', '20009030500001', null);
INSERT INTO `t_dept` VALUES ('1410', '儿科朱秀菊', '', '20009030500001', '4');
INSERT INTO `t_dept` VALUES ('142', '伤口造口门诊', '', '20009030500001', null);
INSERT INTO `t_dept` VALUES ('1450', '泌尿内张青德', '', '20009030500001', null);
INSERT INTO `t_dept` VALUES ('1459', '眼科戴馨', '', '20009030500001', '7');
INSERT INTO `t_dept` VALUES ('15', '小儿外科', '门诊一楼东区', '20009030500001', '4');
INSERT INTO `t_dept` VALUES ('1559', '神经外王刚', '', '20009030500001', '8');
INSERT INTO `t_dept` VALUES ('1566', '皮肤邓仰福', '', '20009030500001', '6');
INSERT INTO `t_dept` VALUES ('1588', '神经外梁宪坤', '', '20009030500001', '8');
INSERT INTO `t_dept` VALUES ('16', '烧伤科', '门诊一楼西区', '20009030500001', '2');
INSERT INTO `t_dept` VALUES ('161', '放疗王擎玉', '', '20009030500001', null);
INSERT INTO `t_dept` VALUES ('1612', '眼科刘翠英', '', '20009030500001', '7');
INSERT INTO `t_dept` VALUES ('1613', '中医张汉启', '', '20009030500001', null);
INSERT INTO `t_dept` VALUES ('1614', '中医岳彩雷', '', '20009030500001', null);
INSERT INTO `t_dept` VALUES ('1616', '中医王雪英', '', '20009030500001', null);
INSERT INTO `t_dept` VALUES ('1617', '皮肤张本法', '', '20009030500001', '6');
INSERT INTO `t_dept` VALUES ('1619', '急诊袁兆阁', '', '20009030500001', null);
INSERT INTO `t_dept` VALUES ('1621', '眼科张荣瑞', '', '20009030500001', '7');
INSERT INTO `t_dept` VALUES ('1626', '急诊侯晗', '', '20009030500001', null);
INSERT INTO `t_dept` VALUES ('1655', '儿科张建泽', '', '20009030500001', '4');
INSERT INTO `t_dept` VALUES ('166', '放疗李如玺', '', '20009030500001', null);
INSERT INTO `t_dept` VALUES ('17', '妇产科', '门诊三楼东区', '20009030500001', '3');
INSERT INTO `t_dept` VALUES ('1708', '重症一科', '', '20009030500001', null);
INSERT INTO `t_dept` VALUES ('18', '眼科', '门诊三楼西区', '20009030500001', '7');
INSERT INTO `t_dept` VALUES ('19', '小儿科', '门诊二楼东区', '20009030500001', '4');
INSERT INTO `t_dept` VALUES ('20', '不孕不育门诊', '门诊三楼东区', '20009030500001', null);
INSERT INTO `t_dept` VALUES ('2015', '骨外刘合庆', '', '20009030500001', '5');
INSERT INTO `t_dept` VALUES ('202', '输血科', '', '20009030500001', null);
INSERT INTO `t_dept` VALUES ('206', 'CT室', '', '20009030500001', null);
INSERT INTO `t_dept` VALUES ('21', '耳鼻喉科', '门诊三楼西区', '20009030500001', '7');
INSERT INTO `t_dept` VALUES ('2167', '眼科武海军', '', '20009030500001', '7');
INSERT INTO `t_dept` VALUES ('219', '营养科', '门诊三楼西区', '20009030500001', null);
INSERT INTO `t_dept` VALUES ('22', '口腔科', '口腔综合楼一楼', '20009030500001', '7');
INSERT INTO `t_dept` VALUES ('222', '导管室', '', '20009030500001', null);
INSERT INTO `t_dept` VALUES ('224', '磁共振室', '', '20009030500001', null);
INSERT INTO `t_dept` VALUES ('23', '皮肤科', '门诊四楼西区', '20009030500001', '6');
INSERT INTO `t_dept` VALUES ('24', '肿瘤科', '', '20009030500001', null);
INSERT INTO `t_dept` VALUES ('25', '传染科', '感染楼一楼', '20009030500001', null);
INSERT INTO `t_dept` VALUES ('26', '疼痛科', '', '20009030500001', null);
INSERT INTO `t_dept` VALUES ('27', '美容科', '门诊四楼西区', '20009030500001', null);
INSERT INTO `t_dept` VALUES ('2899', '妇产吕恒翠', '', '20009030500001', null);
INSERT INTO `t_dept` VALUES ('29', '中医科', '门诊二楼东区', '20009030500001', null);
INSERT INTO `t_dept` VALUES ('31', '中医普通', '', '20009030500001', null);
INSERT INTO `t_dept` VALUES ('41101', '多学科综合门诊', '门诊三楼西区', '20009030500001', null);
INSERT INTO `t_dept` VALUES ('442', '体检中心', '', '20009030500001', null);
INSERT INTO `t_dept` VALUES ('53', '妇产科门诊', '', '20009030500001', '3');
INSERT INTO `t_dept` VALUES ('54', '门诊手术室', '', '20009030500001', null);
INSERT INTO `t_dept` VALUES ('58', '血透室', '', '20009030500001', null);
INSERT INTO `t_dept` VALUES ('61', '急诊科', '', '20009030500001', null);
INSERT INTO `t_dept` VALUES ('6199', '儿科王玉兰', '', '20009030500001', '4');
INSERT INTO `t_dept` VALUES ('6255', '胃肠司世同', '', '20009030500001', null);
INSERT INTO `t_dept` VALUES ('6302', '内科朱崇第', '', '20009030500001', '1');
INSERT INTO `t_dept` VALUES ('6303', '内科朱传由', '', '20009030500001', '1');
INSERT INTO `t_dept` VALUES ('6305', '内科孙玉琴', '', '20009030500001', '1');
INSERT INTO `t_dept` VALUES ('6306', '传染王福臣', '', '20009030500001', null);
INSERT INTO `t_dept` VALUES ('6309', '内科刘汉琪', '', '20009030500001', '1');
INSERT INTO `t_dept` VALUES ('6313', '外科邹本章', '', '20009030500001', '2');
INSERT INTO `t_dept` VALUES ('6317', '外科王兆允', '', '20009030500001', '2');
INSERT INTO `t_dept` VALUES ('6322', '妇科郑素芳', '', '20009030500001', '3');
INSERT INTO `t_dept` VALUES ('6323', '妇科李静', '', '20009030500001', '3');
INSERT INTO `t_dept` VALUES ('6331', '儿科陈树藩', '', '20009030500001', '4');
INSERT INTO `t_dept` VALUES ('6332', '儿科朱崇泉', '', '20009030500001', '4');
INSERT INTO `t_dept` VALUES ('6334', '儿科李玉萍', '', '20009030500001', '4');
INSERT INTO `t_dept` VALUES ('6371', '中医王玉贞', '', '20009030500001', null);
INSERT INTO `t_dept` VALUES ('6382', '内科张顺道', '', '20009030500001', '1');
INSERT INTO `t_dept` VALUES ('6658', '神经外宋景元', '', '20009030500001', '8');
INSERT INTO `t_dept` VALUES ('6666', '便民门诊', '门诊一楼西区', '20009030500001', null);
INSERT INTO `t_dept` VALUES ('6831', '内科王秀兰', '', '20009030500001', '1');
INSERT INTO `t_dept` VALUES ('6866', '血液夏建胜', '', '20009030500001', null);
INSERT INTO `t_dept` VALUES ('87', '神经内急诊', '', '20009030500001', '8');
INSERT INTO `t_dept` VALUES ('90', '碎石中心', '', '20009030500001', null);
INSERT INTO `t_dept` VALUES ('9202', '病理科', '门诊四楼东区', '20009030500001', null);
INSERT INTO `t_dept` VALUES ('9278', '骨外刘传安', '', '20009030500001', '5');
INSERT INTO `t_dept` VALUES ('9418', '骨外唐立群', '', '20009030500001', '5');
INSERT INTO `t_dept` VALUES ('9421', '骨外黄晓楠', '', '20009030500001', '5');
INSERT INTO `t_dept` VALUES ('9555', '内分泌朱昕', '', '20009030500001', null);
INSERT INTO `t_dept` VALUES ('9699', '内分泌程霖', '', '20009030500001', null);
INSERT INTO `t_dept` VALUES ('9706', '麻醉苗少华', '', '20009030500001', null);
INSERT INTO `t_dept` VALUES ('9710', '儿科王金荣', '', '20009030500001', '4');
INSERT INTO `t_dept` VALUES ('9736', '不孕不育刘莲秋', '', '20009030500001', null);
INSERT INTO `t_dept` VALUES ('9737', '中医宋秀英', '', '20009030500001', null);
INSERT INTO `t_dept` VALUES ('9738', '皮肤晁青', '', '20009030500001', '6');
INSERT INTO `t_dept` VALUES ('9966', '肌病吴保凡', '', '20009030500001', null);
INSERT INTO `t_dept` VALUES ('9993', '中医刘新惠', '', '20009030500001', null);

-- ----------------------------
-- Table structure for `t_dept_type`
-- ----------------------------
DROP TABLE IF EXISTS `t_dept_type`;
CREATE TABLE `t_dept_type` (
  `id` int(11) NOT NULL,
  `name` varchar(20) NOT NULL,
  `memo` text,
  PRIMARY KEY (`id`),
  UNIQUE KEY `AK_Key_2` (`name`)
) ENGINE=InnoDB DEFAULT CHARSET=utf8;

-- ----------------------------
-- Records of t_dept_type
-- ----------------------------
INSERT INTO `t_dept_type` VALUES ('1', '内科', '呼吸内科;消化内科;肾内科;感染内科;血液内科');
INSERT INTO `t_dept_type` VALUES ('2', '外科', '普通外科;心胸外科;乳腺外科;肝胆外科;器官移植;肛肠外科;烧伤科');
INSERT INTO `t_dept_type` VALUES ('3', '妇产科', '妇科;产科;计划生育;妇幼保健');
INSERT INTO `t_dept_type` VALUES ('4', '儿科', '儿科综合;小儿内科;小儿外科;新生儿科;儿童营养保健科');
INSERT INTO `t_dept_type` VALUES ('5', '骨科', '');
INSERT INTO `t_dept_type` VALUES ('6', '皮肤科', '性病科');
INSERT INTO `t_dept_type` VALUES ('7', '五官科', '耳鼻喉科;眼科;口腔科');
INSERT INTO `t_dept_type` VALUES ('8', '神经科', '神经内科;神经外科');
INSERT INTO `t_dept_type` VALUES ('9', '心血管科', '心血管内科;心血管外科');
INSERT INTO `t_dept_type` VALUES ('10', '内分泌科', '');
INSERT INTO `t_dept_type` VALUES ('11', '风湿病科', '');
INSERT INTO `t_dept_type` VALUES ('12', '泌尿科', '');
INSERT INTO `t_dept_type` VALUES ('13', '男科', '');
INSERT INTO `t_dept_type` VALUES ('14', '肿瘤科', '肿瘤内科;肿瘤外科;肿瘤妇科;骨肿瘤科;放疗科;肿瘤康复科;肿瘤综合科');
INSERT INTO `t_dept_type` VALUES ('15', '中医科', '中医全科;中医内科;中医外科;中医妇科;中医儿科;中医保健科;针灸按摩科;中医骨伤科;中医肿瘤科');
INSERT INTO `t_dept_type` VALUES ('16', '心理科', '精神科;心理咨询科');
INSERT INTO `t_dept_type` VALUES ('17', '生殖中心', '');
INSERT INTO `t_dept_type` VALUES ('18', '老年病科', '');
INSERT INTO `t_dept_type` VALUES ('19', '整形美容科', '');

-- ----------------------------
-- Table structure for `t_doctor`
-- ----------------------------
DROP TABLE IF EXISTS `t_doctor`;
CREATE TABLE `t_doctor` (
  `doctorId` varchar(10) NOT NULL,
  `name` varchar(20) DEFAULT NULL,
  `title` varchar(20) DEFAULT NULL,
  `deptId` varchar(10) DEFAULT NULL,
  `address` varchar(100) DEFAULT NULL,
  PRIMARY KEY (`doctorId`)
) ENGINE=InnoDB DEFAULT CHARSET=utf8;

-- ----------------------------
-- Records of t_doctor
-- ----------------------------
INSERT INTO `t_doctor` VALUES ('0006', '王福贤', '主任医师', '01', '门诊二楼西区');
INSERT INTO `t_doctor` VALUES ('0008', '刘庆民', '主任医师', '01', '门诊二楼西区');
INSERT INTO `t_doctor` VALUES ('0016', '吴卫东', '主任医师', '01', '门诊二楼西区');
INSERT INTO `t_doctor` VALUES ('0018', '桑玉旗', '主任医师', '02', '门诊二楼西区');
INSERT INTO `t_doctor` VALUES ('0019', '郭冬梅', '副主任医师', '01', '门诊二楼西区');
INSERT INTO `t_doctor` VALUES ('0022', '赵卫平', '副主任医师', '02', '门诊二楼西区');
INSERT INTO `t_doctor` VALUES ('0023', '刘南', '主任医师', '02', '门诊二楼西区');
INSERT INTO `t_doctor` VALUES ('0024', '李庆芝', '副主任医师', '01', '门诊二楼西区');
INSERT INTO `t_doctor` VALUES ('0028', '吴凤娟', '主治医师', '14001', '');
INSERT INTO `t_doctor` VALUES ('0033', '胡青', '主任医师', '03', '门诊二楼西区');
INSERT INTO `t_doctor` VALUES ('0034', '徐令华', '主任医师', '04', '门诊二楼西区');
INSERT INTO `t_doctor` VALUES ('0039', '董卫平', '主任医师', '03', '门诊二楼西区');
INSERT INTO `t_doctor` VALUES ('0041', '田秋菊', '副主任医师', '04', '门诊二楼西区');
INSERT INTO `t_doctor` VALUES ('0047', '李秀宪', '主任医师', '03', '门诊二楼西区');
INSERT INTO `t_doctor` VALUES ('0054', '李桂香', '主任医师', '07', '门诊二楼西区');
INSERT INTO `t_doctor` VALUES ('0057', '徐秋霞', '副主任医师', '07', '门诊二楼西区');
INSERT INTO `t_doctor` VALUES ('0058', '晁银霞', '副主任医师', '07', '门诊二楼西区');
INSERT INTO `t_doctor` VALUES ('0060', '王勇', '主任医师', '07', '门诊二楼西区');
INSERT INTO `t_doctor` VALUES ('0062', '牛文堂', '主治医师', '07', '门诊二楼西区');
INSERT INTO `t_doctor` VALUES ('0063', '张道华', '主任医师', '07', '门诊二楼西区');
INSERT INTO `t_doctor` VALUES ('0064', '赵永志', '主任医师', '07', '门诊二楼西区');
INSERT INTO `t_doctor` VALUES ('0073', '曹雪如', '主治医师', '03', '门诊二楼西区');
INSERT INTO `t_doctor` VALUES ('0081', '朱社华', '副主任医师', '87', '');
INSERT INTO `t_doctor` VALUES ('0088', '宗碧云', '主任医师', '87', '');
INSERT INTO `t_doctor` VALUES ('0090', '孙卫亚', '主任医师', '87', '');
INSERT INTO `t_doctor` VALUES ('0096', '王松', '主任医师', '87', '');
INSERT INTO `t_doctor` VALUES ('0097', '吴晓燕', '主任医师', '87', '');
INSERT INTO `t_doctor` VALUES ('0102', '李支援', '副主任医师', '87', '');
INSERT INTO `t_doctor` VALUES ('0105', '李丽', '主任医师', '87', '');
INSERT INTO `t_doctor` VALUES ('0106', '吕凤亚', '副主任医师', '87', '');
INSERT INTO `t_doctor` VALUES ('0107', '韩凌', '副主任医师', '87', '');
INSERT INTO `t_doctor` VALUES ('0108', '苏成林', '副主任医师', '87', '');
INSERT INTO `t_doctor` VALUES ('0109', '王灵芝', '主任医师', '87', '');
INSERT INTO `t_doctor` VALUES ('0117', '王琪', '主任医师', '14', '门诊一楼东区');
INSERT INTO `t_doctor` VALUES ('0119', '张宏图', '副主任医师', '14', '门诊一楼东区');
INSERT INTO `t_doctor` VALUES ('0125', '徐文涛', '主治医师', '61', '');
INSERT INTO `t_doctor` VALUES ('0127', '张信芳', '副主任医师', '14', '门诊一楼东区');
INSERT INTO `t_doctor` VALUES ('0128', '姜海涛', '副主任医师', '14', '门诊一楼东区');
INSERT INTO `t_doctor` VALUES ('0129', '张全忠', '主任医师', '14', '门诊一楼东区');
INSERT INTO `t_doctor` VALUES ('0139', '许冰', '主任医师', '05', '门诊二楼西区');
INSERT INTO `t_doctor` VALUES ('0147', '李启云', '主任医师', '08', '门诊二楼西区');
INSERT INTO `t_doctor` VALUES ('0150', '刘春燕', '主治医师', '87', '');
INSERT INTO `t_doctor` VALUES ('0155', '李洪毓', '主任医师', '09', '门诊二楼西区');
INSERT INTO `t_doctor` VALUES ('0157', '李元华', '主任医师', '08', '门诊二楼西区');
INSERT INTO `t_doctor` VALUES ('0159', '杨光全', '副主任医师', '07', '门诊二楼西区');
INSERT INTO `t_doctor` VALUES ('0161', '陈宜恒', '主任医师', '09', '门诊二楼西区');
INSERT INTO `t_doctor` VALUES ('0164', '王春华', '主治医师', '09', '门诊二楼西区');
INSERT INTO `t_doctor` VALUES ('0166', '张兆丽', '副主任医师', '08', '门诊二楼西区');
INSERT INTO `t_doctor` VALUES ('0170', '崔广德', '主任医师', '11', '门诊一楼东区');
INSERT INTO `t_doctor` VALUES ('0171', '李振龙', '主任医师', '11', '门诊一楼东区');
INSERT INTO `t_doctor` VALUES ('0176', '马震', '副主任医师', '11', '门诊一楼东区');
INSERT INTO `t_doctor` VALUES ('0185', '华克胜', '副主任医师', '11', '门诊一楼东区');
INSERT INTO `t_doctor` VALUES ('0196', '梁云扬', '主治医师', '11212', '门诊一楼东区');
INSERT INTO `t_doctor` VALUES ('0206', '闫传柱', '主任医师', '12', '');
INSERT INTO `t_doctor` VALUES ('0208', '陈永志', '主任医师', '11212', '门诊一楼东区');
INSERT INTO `t_doctor` VALUES ('0213', '张善地', '副主任医师', '11213', '');
INSERT INTO `t_doctor` VALUES ('0218', '董斌', '主治医师', '61', '');
INSERT INTO `t_doctor` VALUES ('0221', '薛广兴', '主任医师', '13', '门诊一楼东区');
INSERT INTO `t_doctor` VALUES ('0223', '苑登强', '副主任医师', '13', '门诊一楼东区');
INSERT INTO `t_doctor` VALUES ('0224', '李洪洲', '主任医师', '13', '门诊一楼东区');
INSERT INTO `t_doctor` VALUES ('0229', '冯勋强', '主治医师', '15', '门诊一楼东区');
INSERT INTO `t_doctor` VALUES ('0230', '郭永', '副主任医师', '13', '门诊一楼东区');
INSERT INTO `t_doctor` VALUES ('0233', '任长印', '主任医师', '16', '门诊一楼西区');
INSERT INTO `t_doctor` VALUES ('0240', '李守聚', '副主任医师', '16', '门诊一楼西区');
INSERT INTO `t_doctor` VALUES ('0242', '于海霞', '主治医师', '16', '门诊一楼西区');
INSERT INTO `t_doctor` VALUES ('0244', '刘明生', '副主任医师', '27', '门诊四楼西区');
INSERT INTO `t_doctor` VALUES ('0249', '周亚鹏', '主治医师', '27', '门诊四楼西区');
INSERT INTO `t_doctor` VALUES ('0252', '郝鹏', '主治医师', '61', '');
INSERT INTO `t_doctor` VALUES ('0257', '刘洪建', '主任医师', '11012', '门诊一楼东区');
INSERT INTO `t_doctor` VALUES ('0258', '韩要法', '主任医师', '11011', '门诊一楼东区');
INSERT INTO `t_doctor` VALUES ('0263', '邹兴存', '主任医师', '11011', '门诊一楼东区');
INSERT INTO `t_doctor` VALUES ('0275', '祝青', '副主任医师', '11011', '门诊一楼东区');
INSERT INTO `t_doctor` VALUES ('0277', '孙智勇', '副主任医师', '11013', '门诊一楼东区');
INSERT INTO `t_doctor` VALUES ('0279', '薛洪峰', '主治医师', '61', '');
INSERT INTO `t_doctor` VALUES ('0280', '郭勇', '主治医师', '61', '');
INSERT INTO `t_doctor` VALUES ('0283', '李霞', '主治医师', '14003', '');
INSERT INTO `t_doctor` VALUES ('0287', '唐桂荣', '副主任医师', '17', '门诊三楼东区');
INSERT INTO `t_doctor` VALUES ('0297', '李英', '主任医师', '17', '门诊三楼东区');
INSERT INTO `t_doctor` VALUES ('0305', '李瑞环', '主任医师', '17', '门诊三楼东区');
INSERT INTO `t_doctor` VALUES ('0306', '霍娟', '主任医师', '17', '门诊三楼东区');
INSERT INTO `t_doctor` VALUES ('0310', '潘雷', '主任医师', '17', '门诊三楼东区');
INSERT INTO `t_doctor` VALUES ('0322', '闫印春', '主任医师', '17', '门诊三楼东区');
INSERT INTO `t_doctor` VALUES ('0334', '解合兰', '副主任医师', '05', '门诊二楼西区');
INSERT INTO `t_doctor` VALUES ('0338', '金海英', '副主任医师', '20', '门诊三楼东区');
INSERT INTO `t_doctor` VALUES ('0344', '刘海彬', '主治医师', '11511', '');
INSERT INTO `t_doctor` VALUES ('0345', '李慧卿', '主治医师', '17', '门诊三楼东区');
INSERT INTO `t_doctor` VALUES ('0347', '陈波', '主治医师', '11511', '');
INSERT INTO `t_doctor` VALUES ('0348', '程世杰', '主治医师', '14003', '');
INSERT INTO `t_doctor` VALUES ('0369', '王艾寅', '主任医师', '18', '门诊三楼西区');
INSERT INTO `t_doctor` VALUES ('0372', '晁岱岭', '副主任医师', '18', '门诊三楼西区');
INSERT INTO `t_doctor` VALUES ('0373', '李秀贵', '副主任医师', '18', '门诊三楼西区');
INSERT INTO `t_doctor` VALUES ('0374', '李俊英', '副主任医师', '18', '门诊三楼西区');
INSERT INTO `t_doctor` VALUES ('0375', '陈进', '副主任医师', '18', '门诊三楼西区');
INSERT INTO `t_doctor` VALUES ('0376', '李慧', '主治医师', '14005', '');
INSERT INTO `t_doctor` VALUES ('0379', '胡翠月', '主任医师', '18', '门诊三楼西区');
INSERT INTO `t_doctor` VALUES ('0384', '岳葆婷', '副主任医师', '21', '门诊三楼西区');
INSERT INTO `t_doctor` VALUES ('0385', '刘训超', '主治医师', '14001', '');
INSERT INTO `t_doctor` VALUES ('0389', '刘荷珍', '副主任医师', '21', '门诊三楼西区');
INSERT INTO `t_doctor` VALUES ('0392', '陈立勇', '副主任医师', '21', '门诊三楼西区');
INSERT INTO `t_doctor` VALUES ('0395', '李军', '主治医师', '14006', '');
INSERT INTO `t_doctor` VALUES ('0398', '王守玺', '主治医师', '14006', '');
INSERT INTO `t_doctor` VALUES ('0401', '陈广杰', '主任医师', '21', '门诊三楼西区');
INSERT INTO `t_doctor` VALUES ('0405', '曾爱荣', '主任医师', '22', '口腔综合楼一楼');
INSERT INTO `t_doctor` VALUES ('0407', '李莉', '主任医师', '22', '口腔综合楼一楼');
INSERT INTO `t_doctor` VALUES ('0413', '王益华', '副主任医师', '22', '口腔综合楼一楼');
INSERT INTO `t_doctor` VALUES ('0416', '孙新国', '主治医师', '14007', '');
INSERT INTO `t_doctor` VALUES ('0417', '刘守超 ', '主治医师', '22', '口腔综合楼一楼');
INSERT INTO `t_doctor` VALUES ('0419', '徐娟', '主治医师', '22', '口腔综合楼一楼');
INSERT INTO `t_doctor` VALUES ('0429', '戚巧云', '主任医师', '19', '门诊二楼东区');
INSERT INTO `t_doctor` VALUES ('0430', '焦福利', '主任医师', '19', '门诊二楼东区');
INSERT INTO `t_doctor` VALUES ('0438', '张兰珍', '主任医师', '19', '门诊二楼东区');
INSERT INTO `t_doctor` VALUES ('0440', '冯兴柱', '主任医师', '19', '门诊二楼东区');
INSERT INTO `t_doctor` VALUES ('0443', '周志远', '主任医师', '19', '门诊二楼东区');
INSERT INTO `t_doctor` VALUES ('0445', '刘金凤', '主任医师', '19', '门诊二楼东区');
INSERT INTO `t_doctor` VALUES ('0447', '于文立', '主治医师', '19', '门诊二楼东区');
INSERT INTO `t_doctor` VALUES ('0450', '王秀琴', '主任医师', '19', '门诊二楼东区');
INSERT INTO `t_doctor` VALUES ('0456', '姜文', '副主任医师', '17', '门诊三楼东区');
INSERT INTO `t_doctor` VALUES ('0459', '常久利', '副主任医师', '19', '门诊二楼东区');
INSERT INTO `t_doctor` VALUES ('0460', '王翠华', '主任医师', '19', '门诊二楼东区');
INSERT INTO `t_doctor` VALUES ('0461', '王蕾', '副主任医师', '19', '门诊二楼东区');
INSERT INTO `t_doctor` VALUES ('0464', '张培娥', '主任医师', '19', '门诊二楼东区');
INSERT INTO `t_doctor` VALUES ('0466', '田玉红', '副主任医师', '0466', '');
INSERT INTO `t_doctor` VALUES ('0476', '孙文莲', '主任医师', '25', '感染楼一楼');
INSERT INTO `t_doctor` VALUES ('0477', '付继荣', '主任医师', '25', '感染楼一楼');
INSERT INTO `t_doctor` VALUES ('0481', '朱桂荣', '主任医师', '25', '感染楼一楼');
INSERT INTO `t_doctor` VALUES ('0484', '苗爱军', '主任医师', '25', '感染楼一楼');
INSERT INTO `t_doctor` VALUES ('0486', '袁兆旭', '副主任医师', '25', '感染楼一楼');
INSERT INTO `t_doctor` VALUES ('0491', '赵爱英', '副主任医师', '25', '感染楼一楼');
INSERT INTO `t_doctor` VALUES ('0492', '姬群英', '主治医师', '09', '门诊二楼西区');
INSERT INTO `t_doctor` VALUES ('0493', '马占华', '主任医师', '25', '感染楼一楼');
INSERT INTO `t_doctor` VALUES ('0553', '粱兆科', '副主任医师', '26', '');
INSERT INTO `t_doctor` VALUES ('0554', '程相灿', '副主任医师', '26', '');
INSERT INTO `t_doctor` VALUES ('0562', '高飞', '主治医师', '26', '');
INSERT INTO `t_doctor` VALUES ('0575', '张雁', '主治医师', '26', '');
INSERT INTO `t_doctor` VALUES ('0579', '王海峰', '主治医师', '26', '');
INSERT INTO `t_doctor` VALUES ('0634', '张雷杰', '副主任医师', '6666', '门诊一楼西区');
INSERT INTO `t_doctor` VALUES ('0695', '张一卓', '主治医师', '08', '门诊二楼西区');
INSERT INTO `t_doctor` VALUES ('0718', '高忠民', '副主任医师', '24', '');
INSERT INTO `t_doctor` VALUES ('0722', '刘秀荣', '副主任医师', '24', '');
INSERT INTO `t_doctor` VALUES ('0728', '王军', '副主任医师', '24', '');
INSERT INTO `t_doctor` VALUES ('0729', '陈友山', '主任医师', '24', '');
INSERT INTO `t_doctor` VALUES ('0733', '张文霞', '主治医师', '24', '');
INSERT INTO `t_doctor` VALUES ('0742', '和劲光', '主治医师', '24', '');
INSERT INTO `t_doctor` VALUES ('0754', '张凤香', '医师', '61', '');
INSERT INTO `t_doctor` VALUES ('0759', '彭中坤', '主任医师', '61', '');
INSERT INTO `t_doctor` VALUES ('0760', '牛海涛', '副主任医师', '61', '');
INSERT INTO `t_doctor` VALUES ('0769', '王立文', '主任医师', '61', '');
INSERT INTO `t_doctor` VALUES ('0775', '张随玉', '主任医师', '61', '');
INSERT INTO `t_doctor` VALUES ('0776', '冯庆芝', '副主任医师', '61', '');
INSERT INTO `t_doctor` VALUES ('0783', '付双来', '主任医师', '61', '');
INSERT INTO `t_doctor` VALUES ('0787', '冯涛', '主任医师', '61', '');
INSERT INTO `t_doctor` VALUES ('0793', '赵妍', '主治医师', '61', '');
INSERT INTO `t_doctor` VALUES ('0866', '陈琳', '医师', '139', '门诊一楼东区');
INSERT INTO `t_doctor` VALUES ('0867', '杨稳', '医师', '11213', '');
INSERT INTO `t_doctor` VALUES ('0869', '于川东', '医师', '61', '');
INSERT INTO `t_doctor` VALUES ('0880', '黄栋', '医师', '139', '门诊一楼东区');
INSERT INTO `t_doctor` VALUES ('0888', '徐启良', '主治医师', '11', '门诊一楼东区');
INSERT INTO `t_doctor` VALUES ('0899', '孔德才', '医师', '14002', '');
INSERT INTO `t_doctor` VALUES ('0901', '董俊强', '医师', '61', '');
INSERT INTO `t_doctor` VALUES ('0904', '张卫国', '医师', '61', '');
INSERT INTO `t_doctor` VALUES ('0909', '杨依祚', '医师', '08', '门诊二楼西区');
INSERT INTO `t_doctor` VALUES ('0946', '李进军', '医师', '61', '');
INSERT INTO `t_doctor` VALUES ('0975', '袁玉国', '医师', '61', '');
INSERT INTO `t_doctor` VALUES ('0995', '张远浩', '医师', '139', '门诊一楼东区');
INSERT INTO `t_doctor` VALUES ('10015', '赵蒙', '医师', '61', '');
INSERT INTO `t_doctor` VALUES ('10017', '王奇', '医师', '11211', '门诊一楼东区');
INSERT INTO `t_doctor` VALUES ('10020', '盖红宇', '主治医师', '27', '门诊四楼西区');
INSERT INTO `t_doctor` VALUES ('10021', '朱耀华', '主治医师', '27', '门诊四楼西区');
INSERT INTO `t_doctor` VALUES ('10028', '王修军', '副主任医师', '87', '');
INSERT INTO `t_doctor` VALUES ('10029', '袁洪宇', '医师', '87', '');
INSERT INTO `t_doctor` VALUES ('10030', '马方明', '医师', '11013', '门诊一楼东区');
INSERT INTO `t_doctor` VALUES ('10031', '赵海旺', '主治医师', '61', '');
INSERT INTO `t_doctor` VALUES ('10040', '乔保华', '主治医师', '14003', '');
INSERT INTO `t_doctor` VALUES ('1008', '朱明涛', '医师', '61', '');
INSERT INTO `t_doctor` VALUES ('1009', '石合现', '医师', '61', '');
INSERT INTO `t_doctor` VALUES ('1012', '张平', '医师', '61', '');
INSERT INTO `t_doctor` VALUES ('1017', '庞少存', '副主任医师', '1017', '');
INSERT INTO `t_doctor` VALUES ('1023', '赵新力', '主任医师', '1023', '');
INSERT INTO `t_doctor` VALUES ('1024', '赵锐利', '主任医师', '1024', '');
INSERT INTO `t_doctor` VALUES ('1063', '曹丹', '医师', '14003', '');
INSERT INTO `t_doctor` VALUES ('1065', '王芳', '医师', '11511', '');
INSERT INTO `t_doctor` VALUES ('1071', '相龙占', '医师', '11211', '门诊一楼东区');
INSERT INTO `t_doctor` VALUES ('1072', '宋国华', '医师', '11213', '');
INSERT INTO `t_doctor` VALUES ('1073', '田素建', '医师', '61', '');
INSERT INTO `t_doctor` VALUES ('1077', '刘成科', '医师', '61', '');
INSERT INTO `t_doctor` VALUES ('1078', '任跃兵', '医师', '12', '');
INSERT INTO `t_doctor` VALUES ('1080', '李燕.', '医师', '17', '门诊三楼东区');
INSERT INTO `t_doctor` VALUES ('1085', '张艳丽`', '主治医师', '87', '');
INSERT INTO `t_doctor` VALUES ('1092', '王茂峰', '医师', '61', '');
INSERT INTO `t_doctor` VALUES ('1099', '叶永强', '主任医师', '11013', '门诊一楼东区');
INSERT INTO `t_doctor` VALUES ('1101', '陈贝健', '副主任医师', '1101', '');
INSERT INTO `t_doctor` VALUES ('1119', '冯斌', '主治医师', '61', '');
INSERT INTO `t_doctor` VALUES ('1124', '冀海霞', '主治医师', '61', '');
INSERT INTO `t_doctor` VALUES ('1125', '张友生', '医师', '61', '');
INSERT INTO `t_doctor` VALUES ('1138', '周东升', '副主任医师', '22', '口腔综合楼一楼');
INSERT INTO `t_doctor` VALUES ('1147', '王新强', '医师', '61', '');
INSERT INTO `t_doctor` VALUES ('1149', '胡斌', '医师', '61', '');
INSERT INTO `t_doctor` VALUES ('1150', '付松涛', '医师', '61', '');
INSERT INTO `t_doctor` VALUES ('1155', '徐权斌', '副主任医师', '11013', '门诊一楼东区');
INSERT INTO `t_doctor` VALUES ('1158', '张玲', '副主任医师', '1158', '');
INSERT INTO `t_doctor` VALUES ('1163', '刘月东', '主任医师', '19', '门诊二楼东区');
INSERT INTO `t_doctor` VALUES ('1166', '李现军', '主治医师', '61', '');
INSERT INTO `t_doctor` VALUES ('1167', '杨明明', '主治医师', '05', '门诊二楼西区');
INSERT INTO `t_doctor` VALUES ('1169', '刘振', '主治医师', '12', '');
INSERT INTO `t_doctor` VALUES ('1171', '李巍', '主治医师', '01', '门诊二楼西区');
INSERT INTO `t_doctor` VALUES ('1193', '吕春英', '副主任医师', '18', '门诊三楼西区');
INSERT INTO `t_doctor` VALUES ('1196', '童宁', '主治医师', '87', '');
INSERT INTO `t_doctor` VALUES ('1197', '于剑', '主治医师', '61', '');
INSERT INTO `t_doctor` VALUES ('1198', '闫丽', '主治医师', '09', '门诊二楼西区');
INSERT INTO `t_doctor` VALUES ('1199', '许超', '主治医师', '11212', '门诊一楼东区');
INSERT INTO `t_doctor` VALUES ('1200', '祁建军', '主治医师', '14001', '');
INSERT INTO `t_doctor` VALUES ('1203', '房振亚', '主治医师', '11503', '门诊三楼中区');
INSERT INTO `t_doctor` VALUES ('1207', '任师磊', '主治医师', '14001', '');
INSERT INTO `t_doctor` VALUES ('1209', '王洪波', '主治医师', '61', '');
INSERT INTO `t_doctor` VALUES ('12148', '司法鉴定所', '主任医师', '12148', '');
INSERT INTO `t_doctor` VALUES ('1215', '沈肖俐', '主治医师', '23', '门诊四楼西区');
INSERT INTO `t_doctor` VALUES ('12154', '闫越颖', '医师', '14008', '');
INSERT INTO `t_doctor` VALUES ('12158', '赵莹', '主治医师', '14008', '');
INSERT INTO `t_doctor` VALUES ('12159', '侯春红', '医师', '14003', '');
INSERT INTO `t_doctor` VALUES ('1216', '苗卫华', '副主任医师', '11212', '门诊一楼东区');
INSERT INTO `t_doctor` VALUES ('12162', '王明', '医师', '14002', '');
INSERT INTO `t_doctor` VALUES ('12163', '唐茜茜', '医师', '87', '');
INSERT INTO `t_doctor` VALUES ('1217', '马彦超', '主治医师', '14003', '');
INSERT INTO `t_doctor` VALUES ('1219', '牛军', '主治医师', '61', '');
INSERT INTO `t_doctor` VALUES ('1220', '刘安城', '医师', '61', '');
INSERT INTO `t_doctor` VALUES ('1221', '葛芙蓉', '主任医师', '15', '门诊一楼东区');
INSERT INTO `t_doctor` VALUES ('1222', '金勇军', '主治医师', '61', '');
INSERT INTO `t_doctor` VALUES ('1223', '任建军', '主任医师', '14', '门诊一楼东区');
INSERT INTO `t_doctor` VALUES ('1228', '黄坤', '主治医师', '87', '');
INSERT INTO `t_doctor` VALUES ('1231', '魏志新', '主任医师', '11012', '门诊一楼东区');
INSERT INTO `t_doctor` VALUES ('1235', '杨一涛', '副主任医师', '18', '门诊三楼西区');
INSERT INTO `t_doctor` VALUES ('1236', '孙玉萍', '医师', '11511', '');
INSERT INTO `t_doctor` VALUES ('1253', '葛春花', '医师', '61', '');
INSERT INTO `t_doctor` VALUES ('1254', '张博', '医师', '61', '');
INSERT INTO `t_doctor` VALUES ('1255', '王广兴', '医师', '61', '');
INSERT INTO `t_doctor` VALUES ('1256', '王玉美', '医师', '61', '');
INSERT INTO `t_doctor` VALUES ('1257', '谢效平', '医师', '61', '');
INSERT INTO `t_doctor` VALUES ('1258', '闵伟琪', '主任医师', '1258', '');
INSERT INTO `t_doctor` VALUES ('1261', '朱明', '主任医师', '87', '');
INSERT INTO `t_doctor` VALUES ('1262', '葛方启', '副主任医师', '25', '感染楼一楼');
INSERT INTO `t_doctor` VALUES ('1263', '郭西文', '主任医师', '14', '门诊一楼东区');
INSERT INTO `t_doctor` VALUES ('1264', '马心健', '主任医师', '139', '门诊一楼东区');
INSERT INTO `t_doctor` VALUES ('1265', '沙启乐', '主任医师', '1265', '');
INSERT INTO `t_doctor` VALUES ('1266', '吴继海', '主任医师', '17', '门诊三楼东区');
INSERT INTO `t_doctor` VALUES ('1269', '王伯祥', '副主任医师', '11012', '门诊一楼东区');
INSERT INTO `t_doctor` VALUES ('1270', '吴付轩', '主任医师', '1270', '');
INSERT INTO `t_doctor` VALUES ('1271', '王超峰', '副主任医师', '1271', '');
INSERT INTO `t_doctor` VALUES ('1272', '张勇', '主任医师', '1272', '');
INSERT INTO `t_doctor` VALUES ('1273', '肖珍云', '主治医师', '11212', '门诊一楼东区');
INSERT INTO `t_doctor` VALUES ('1274', '于桂生', '主治医师', '1274', '');
INSERT INTO `t_doctor` VALUES ('1275', '朱明启', '主治医师', '61', '');
INSERT INTO `t_doctor` VALUES ('1277', '冯松柏', '主治医师', '1277', '');
INSERT INTO `t_doctor` VALUES ('1278', '马艳丽', '副主任医师', '1278', '');
INSERT INTO `t_doctor` VALUES ('1279', '吴月丽', '主治医师', '14003', '');
INSERT INTO `t_doctor` VALUES ('1288', '步国强', '主治医师', '61', '');
INSERT INTO `t_doctor` VALUES ('1289', '于庆平', '副主任医师', '16', '门诊一楼西区');
INSERT INTO `t_doctor` VALUES ('1292', '张艳丽', '主治医师', '87', '');
INSERT INTO `t_doctor` VALUES ('1293', '汤黎', '主治医师', '14006', '');
INSERT INTO `t_doctor` VALUES ('1294', '邹岩', '主治医师', '61', '');
INSERT INTO `t_doctor` VALUES ('1298', '徐慧英', '医师', '29', '门诊二楼东区');
INSERT INTO `t_doctor` VALUES ('1299', '马宁', '主治医师', '14001', '');
INSERT INTO `t_doctor` VALUES ('1300', '徐瑞娥', '主治医师', '14001', '');
INSERT INTO `t_doctor` VALUES ('1301', '刘方', '医师', '24', '');
INSERT INTO `t_doctor` VALUES ('1304', '高佳', '主治医师', '61', '');
INSERT INTO `t_doctor` VALUES ('1305', '毕琦', '医师', '19', '门诊二楼东区');
INSERT INTO `t_doctor` VALUES ('1306', '李云', '主治医师', '14001', '');
INSERT INTO `t_doctor` VALUES ('1313', '孙卫强', '医师', '24', '');
INSERT INTO `t_doctor` VALUES ('1314', '刘颖', '主治医师', '08', '门诊二楼西区');
INSERT INTO `t_doctor` VALUES ('1320', '李超', '主治医师', '16', '门诊一楼西区');
INSERT INTO `t_doctor` VALUES ('1323', '王培培', '医师', '61', '');
INSERT INTO `t_doctor` VALUES ('1328', '孙明冲', '医师', '61', '');
INSERT INTO `t_doctor` VALUES ('1340', '李玉文', '副主任医师', '87', '');
INSERT INTO `t_doctor` VALUES ('1355', '张圣红', '主治医师', '11511', '');
INSERT INTO `t_doctor` VALUES ('1361', '颜安佩', '主任医师', '1361', '');
INSERT INTO `t_doctor` VALUES ('1362', '关建民', '副主任医师', '1362', '');
INSERT INTO `t_doctor` VALUES ('1363', '刘增福', '医师', '01', '门诊二楼西区');
INSERT INTO `t_doctor` VALUES ('1364', '付景', '医师', '01', '门诊二楼西区');
INSERT INTO `t_doctor` VALUES ('1369', '王浦', '医师', '61', '');
INSERT INTO `t_doctor` VALUES ('1370', '李辉', '主治医师', '14002', '');
INSERT INTO `t_doctor` VALUES ('1374', '李康', '主治医师', '11212', '门诊一楼东区');
INSERT INTO `t_doctor` VALUES ('1375', '毛仲轩', '主治医师', '14002', '');
INSERT INTO `t_doctor` VALUES ('1390', '张文静', '医师', '14007', '');
INSERT INTO `t_doctor` VALUES ('1391', '张立生', '副主任医师', '22', '口腔综合楼一楼');
INSERT INTO `t_doctor` VALUES ('1395', '杨志国', '医师', '24', '');
INSERT INTO `t_doctor` VALUES ('1396', '孙晓妍', '医师', '14001', '');
INSERT INTO `t_doctor` VALUES ('1399', '田丽', '医师', '61', '');
INSERT INTO `t_doctor` VALUES ('1400', '贾卉娟', '医师', '19', '门诊二楼东区');
INSERT INTO `t_doctor` VALUES ('1410', '朱秀菊', '副主任医师', '19', '门诊二楼东区');
INSERT INTO `t_doctor` VALUES ('1411', '于晗澍', '副主任医师', '19', '门诊二楼东区');
INSERT INTO `t_doctor` VALUES ('1433', '赫俊会', '主治医师', '61', '');
INSERT INTO `t_doctor` VALUES ('1438', '陶春蕾', '主治医师', '14006', '');
INSERT INTO `t_doctor` VALUES ('1450', '张清德', '副主任医师', '1450', '');
INSERT INTO `t_doctor` VALUES ('1451', '王奉淼', '主治医师', '14002', '');
INSERT INTO `t_doctor` VALUES ('1459', '戴馨', '副主任医师', '18', '门诊三楼西区');
INSERT INTO `t_doctor` VALUES ('1462', '李红梅', '医师', '09', '门诊二楼西区');
INSERT INTO `t_doctor` VALUES ('1485', '史东雷', '主治医师', '11211', '门诊一楼东区');
INSERT INTO `t_doctor` VALUES ('1556', '闫敬茹', '医师', '61', '');
INSERT INTO `t_doctor` VALUES ('1562', '赵莹', '主治医师', '14008', '');
INSERT INTO `t_doctor` VALUES ('1566', '邓仰福', '主任医师', '23', '门诊四楼西区');
INSERT INTO `t_doctor` VALUES ('1581', '孔宪春', '医师', '61', '');
INSERT INTO `t_doctor` VALUES ('1588', '梁宪坤', '主任医师', '1588', '');
INSERT INTO `t_doctor` VALUES ('1599', '王刚', '副主任医师', '1559', '');
INSERT INTO `t_doctor` VALUES ('1609', '郭彦平', '主治医师', '14003', '');
INSERT INTO `t_doctor` VALUES ('1610', '高静', '护师', '6199', '');
INSERT INTO `t_doctor` VALUES ('1611', '李建', '医师', '61', '');
INSERT INTO `t_doctor` VALUES ('1612', '刘翠英', '副主任医师', '18', '门诊三楼西区');
INSERT INTO `t_doctor` VALUES ('1613', '张汉启', '主任医师', '29', '门诊二楼东区');
INSERT INTO `t_doctor` VALUES ('1614', '岳彩雷', '主任医师', '29', '门诊二楼东区');
INSERT INTO `t_doctor` VALUES ('1615', '吴本端', '主任医师', '29', '门诊二楼东区');
INSERT INTO `t_doctor` VALUES ('1616', '王雪英', '副主任医师', '29', '门诊二楼东区');
INSERT INTO `t_doctor` VALUES ('1617', '张本法', '副主任医师', '23', '门诊四楼西区');
INSERT INTO `t_doctor` VALUES ('1618', '王擎玉', '主任医师', '161', '');
INSERT INTO `t_doctor` VALUES ('1619', '袁兆阁', '主任医师', '61', '');
INSERT INTO `t_doctor` VALUES ('1621', '张荣瑞', '副主任医师', '18', '门诊三楼西区');
INSERT INTO `t_doctor` VALUES ('1623', '韦福利', '主治医师', '61', '');
INSERT INTO `t_doctor` VALUES ('1626', '侯晗', '副主任医师', '61', '');
INSERT INTO `t_doctor` VALUES ('1639', '徐婉茹', '主治医师', '87', '');
INSERT INTO `t_doctor` VALUES ('1646', '苗海平', '医师', '14007', '');
INSERT INTO `t_doctor` VALUES ('1655', '张建泽', '主任医师', '19', '门诊二楼东区');
INSERT INTO `t_doctor` VALUES ('1659', '张巧芹', '医师', '11511', '');
INSERT INTO `t_doctor` VALUES ('1660', '吴景丽', '医师', '14003', '');
INSERT INTO `t_doctor` VALUES ('1666', '王文红', '主治医师', '14006', '');
INSERT INTO `t_doctor` VALUES ('1667', '任晓燕', '医师', '87', '');
INSERT INTO `t_doctor` VALUES ('1673', '沙晗', '医师', '14003', '');
INSERT INTO `t_doctor` VALUES ('1675', '徐淑云', '医师', '14003', '');
INSERT INTO `t_doctor` VALUES ('1680', '邹翠丽', '医师', '11511', '');
INSERT INTO `t_doctor` VALUES ('1682', '孙婷', '医师', '14005', '');
INSERT INTO `t_doctor` VALUES ('1716', '郭青', '医师', '87', '');
INSERT INTO `t_doctor` VALUES ('1720', '程蕊', '医师', '87', '');
INSERT INTO `t_doctor` VALUES ('1721', '刘会敏', '医师', '61', '');
INSERT INTO `t_doctor` VALUES ('1723', '王星', '医师', '61', '');
INSERT INTO `t_doctor` VALUES ('1728', '朱平', '医师', '14003', '');
INSERT INTO `t_doctor` VALUES ('1729', '张勇华', '医师', '11511', '');
INSERT INTO `t_doctor` VALUES ('1818', '张伟', '主治医师', '23', '门诊四楼西区');
INSERT INTO `t_doctor` VALUES ('1839', '田静', '医师', '19', '门诊二楼东区');
INSERT INTO `t_doctor` VALUES ('1850', '杜文丽', '医师', '19', '门诊二楼东区');
INSERT INTO `t_doctor` VALUES ('1853', '陈艳坤', '医师', '87', '');
INSERT INTO `t_doctor` VALUES ('1855', '赵昌学', '副主任医师', '139', '门诊一楼东区');
INSERT INTO `t_doctor` VALUES ('1856', '马波民', '副主任医师', '139', '门诊一楼东区');
INSERT INTO `t_doctor` VALUES ('1872', '何晓翠', '医师', '14003', '');
INSERT INTO `t_doctor` VALUES ('1906', '祝春青', '医师', '61', '');
INSERT INTO `t_doctor` VALUES ('1907', '刘保兰', '医师', '19', '门诊二楼东区');
INSERT INTO `t_doctor` VALUES ('1908', '于春虎', '主任医师', '61', '');
INSERT INTO `t_doctor` VALUES ('1909', '段宇鸿', '医师', '61', '');
INSERT INTO `t_doctor` VALUES ('1914', '刘新林', '医师', '61', '');
INSERT INTO `t_doctor` VALUES ('1915', '孔德木', '医师', '61', '');
INSERT INTO `t_doctor` VALUES ('1924', '付影', '医师', '87', '');
INSERT INTO `t_doctor` VALUES ('1927', '楚超', '医师', '11213', '');
INSERT INTO `t_doctor` VALUES ('1928', '何银锋', '医师', '61', '');
INSERT INTO `t_doctor` VALUES ('1929', '苏洪民', '医师', '61', '');
INSERT INTO `t_doctor` VALUES ('1930', '王孝伟', '医师', '61', '');
INSERT INTO `t_doctor` VALUES ('1933', '郑默然', '医师', '61', '');
INSERT INTO `t_doctor` VALUES ('1935', '李会丽', '医师', '61', '');
INSERT INTO `t_doctor` VALUES ('2015', '刘合庆', '主治医师', '61', '');
INSERT INTO `t_doctor` VALUES ('2016', '王兴光', '医师', '11212', '门诊一楼东区');
INSERT INTO `t_doctor` VALUES ('2145', '妇门手术室', '主治医师', '11503', '门诊三楼中区');
INSERT INTO `t_doctor` VALUES ('2163', '袁家侃', '医师', '14007', '');
INSERT INTO `t_doctor` VALUES ('2167', '武海军', '副主任医师', '2167', '');
INSERT INTO `t_doctor` VALUES ('2207', '李赛', '医师', '19', '门诊二楼东区');
INSERT INTO `t_doctor` VALUES ('2208', '郭新明', '医师', '19', '门诊二楼东区');
INSERT INTO `t_doctor` VALUES ('2283', ' 于恒飞', '医师', '11211', '门诊一楼东区');
INSERT INTO `t_doctor` VALUES ('2286', '范猛', '医师', '61', '');
INSERT INTO `t_doctor` VALUES ('2287', '曾瑞莹', '医师', '61', '');
INSERT INTO `t_doctor` VALUES ('2288', '沈明杰', '医师', '11211', '门诊一楼东区');
INSERT INTO `t_doctor` VALUES ('2289', '郝磊', '医师', '61', '');
INSERT INTO `t_doctor` VALUES ('2291', '袁丹丹', '医师', '61', '');
INSERT INTO `t_doctor` VALUES ('2292', '李钧', '医师', '61', '');
INSERT INTO `t_doctor` VALUES ('2295', '李慧艳', '医师', '61', '');
INSERT INTO `t_doctor` VALUES ('2296', '刘艳', '医师', '61', '');
INSERT INTO `t_doctor` VALUES ('2297', '刘磊', '医师', '61', '');
INSERT INTO `t_doctor` VALUES ('2298', '蒋成', '医师', '61', '');
INSERT INTO `t_doctor` VALUES ('2300', '高杰', '医师', '61', '');
INSERT INTO `t_doctor` VALUES ('2316', '郝为民', '主任医师', '11213', '');
INSERT INTO `t_doctor` VALUES ('2317', '王芳芳', '医师', '14007', '');
INSERT INTO `t_doctor` VALUES ('2318', '王彪', '医师', '14007', '');
INSERT INTO `t_doctor` VALUES ('2355', '郭彦平', '医师', '14003', '');
INSERT INTO `t_doctor` VALUES ('2551', '李娜', '医师', '19', '门诊二楼东区');
INSERT INTO `t_doctor` VALUES ('2622', '李庆民', '医师', '61', '');
INSERT INTO `t_doctor` VALUES ('2899', '吕恒翠', '副主任医师', '2899', '');
INSERT INTO `t_doctor` VALUES ('2900', '黄巧真', '医师', '14003', '');
INSERT INTO `t_doctor` VALUES ('3501', '朱彤', '医师', '87', '');
INSERT INTO `t_doctor` VALUES ('4549', '刘风霞', '医师', '14007', '');
INSERT INTO `t_doctor` VALUES ('6001', '吴涛', '医师', '61', '');
INSERT INTO `t_doctor` VALUES ('6002', '韩哲', '医师', '61', '');
INSERT INTO `t_doctor` VALUES ('6255', '司世同', '主任医师', '6255', '');
INSERT INTO `t_doctor` VALUES ('6259', '李凯', '医师', '87', '');
INSERT INTO `t_doctor` VALUES ('6260', '胡凤利', '医师', '87', '');
INSERT INTO `t_doctor` VALUES ('6261', '杨宪章', '医师', '87', '');
INSERT INTO `t_doctor` VALUES ('6262', '焦仁才', '医师', '87', '');
INSERT INTO `t_doctor` VALUES ('6266', '刘印叶', '医师', '87', '');
INSERT INTO `t_doctor` VALUES ('6268', '李会会', '医师', '87', '');
INSERT INTO `t_doctor` VALUES ('6269', '王华旭', '医师', '87', '');
INSERT INTO `t_doctor` VALUES ('6302', '朱崇第', '主任医师', '6302', '');
INSERT INTO `t_doctor` VALUES ('6303', '朱传由', '主任医师', '6303', '');
INSERT INTO `t_doctor` VALUES ('6305', '孙玉琴', '主任医师', '6305', '');
INSERT INTO `t_doctor` VALUES ('6306', '王福臣', '主任医师', '6306', '');
INSERT INTO `t_doctor` VALUES ('6308', '李如玺', '主任医师', '166', '');
INSERT INTO `t_doctor` VALUES ('6309', '刘汉琪', '主任医师', '6309', '');
INSERT INTO `t_doctor` VALUES ('6313', '邹本章', '主任医师', '6313', '');
INSERT INTO `t_doctor` VALUES ('6317', '王兆允', '主任医师', '6317', '');
INSERT INTO `t_doctor` VALUES ('6322', '郑素芳', '主任医师', '6322', '');
INSERT INTO `t_doctor` VALUES ('6323', '李静', '主任医师', '6323', '');
INSERT INTO `t_doctor` VALUES ('6331', '陈树藩', '主任医师', '6331', '');
INSERT INTO `t_doctor` VALUES ('6332', '朱崇泉', '主任医师', '6332', '');
INSERT INTO `t_doctor` VALUES ('6334', '李玉萍', '主任医师', '6334', '');
INSERT INTO `t_doctor` VALUES ('6371', '王玉贞', '主任医师', '6371', '');
INSERT INTO `t_doctor` VALUES ('6382', '张顺道', '主任医师', '6382', '');
INSERT INTO `t_doctor` VALUES ('6658', '宋景元', '主任医师', '6658', '');
INSERT INTO `t_doctor` VALUES ('6666', '门办', '主治医师', '6666', '门诊一楼西区');
INSERT INTO `t_doctor` VALUES ('6699', '梁玉林', '医师', '14003', '');
INSERT INTO `t_doctor` VALUES ('6831', '王秀兰', '主任医师', '6831', '');
INSERT INTO `t_doctor` VALUES ('6866', '夏建胜', '主任医师', '6866', '');
INSERT INTO `t_doctor` VALUES ('6904', '小儿科', '主任医师', '19', '门诊二楼东区');
INSERT INTO `t_doctor` VALUES ('6907', '口腔科', '主任医师', '22', '口腔综合楼一楼');
INSERT INTO `t_doctor` VALUES ('9100', '风湿科', '主治医师', '09', '门诊二楼西区');
INSERT INTO `t_doctor` VALUES ('9214', '碎石中心', '主治医师', '90', '');
INSERT INTO `t_doctor` VALUES ('9258', '耿翠萍', '主治医师', '14001', '');
INSERT INTO `t_doctor` VALUES ('9278', '刘传安', '主治医师', '9278', '');
INSERT INTO `t_doctor` VALUES ('9300', '贤俊民.', '主治医师', '61', '');
INSERT INTO `t_doctor` VALUES ('9301', '袁建伟', '主治医师', '14002', '');
INSERT INTO `t_doctor` VALUES ('9334', '王富军', '主治医师', '13', '门诊一楼东区');
INSERT INTO `t_doctor` VALUES ('9335', '马效雷', '主治医师', '14001', '');
INSERT INTO `t_doctor` VALUES ('9338', '杜晓丽', '医师', '14008', '');
INSERT INTO `t_doctor` VALUES ('9339', '李红梅妇', '医师', '11503', '门诊三楼中区');
INSERT INTO `t_doctor` VALUES ('9366', '刘晓燕', '医师', '14005', '');
INSERT INTO `t_doctor` VALUES ('9412', '刘志勇', '医师', '61', '');
INSERT INTO `t_doctor` VALUES ('9418', '唐立群', '副主任医师', '9418', '');
INSERT INTO `t_doctor` VALUES ('9419', '刘安成', '主治医师', '11211', '门诊一楼东区');
INSERT INTO `t_doctor` VALUES ('9421', '黄晓楠', '主治医师', '9421', '');
INSERT INTO `t_doctor` VALUES ('9555', '朱昕', '副主任医师', '9555', '');
INSERT INTO `t_doctor` VALUES ('9699', '程霖', '主任医师', '9699', '');
INSERT INTO `t_doctor` VALUES ('9706', '苗韶华', '主任医师', '26', '');
INSERT INTO `t_doctor` VALUES ('9710', '王金荣', '副主任医师', '9710', '');
INSERT INTO `t_doctor` VALUES ('9736', '刘莲秋', '副主任医师', '9736', '');
INSERT INTO `t_doctor` VALUES ('9737', '宋秀英', '副主任医师', '9737', '');
INSERT INTO `t_doctor` VALUES ('9738', '晁青', '副主任医师', '9738', '');
INSERT INTO `t_doctor` VALUES ('9739', '白汉生', '医师', '61', '');
INSERT INTO `t_doctor` VALUES ('9966', '吴保凡', '副主任医师', '9966', '');
INSERT INTO `t_doctor` VALUES ('9993', '刘新惠', '副主任医师', '9993', '');
INSERT INTO `t_doctor` VALUES ('9994', '李国庆', '医师', '07', '门诊二楼西区');

-- ----------------------------
-- Table structure for `t_hospital`
-- ----------------------------
DROP TABLE IF EXISTS `t_hospital`;
CREATE TABLE `t_hospital` (
  `hospitalId` varchar(32) NOT NULL,
  `name` varchar(30) DEFAULT NULL,
  PRIMARY KEY (`hospitalId`)
) ENGINE=InnoDB DEFAULT CHARSET=utf8;

-- ----------------------------
-- Records of t_hospital
-- ----------------------------

-- ----------------------------
-- Table structure for `t_patient`
-- ----------------------------
DROP TABLE IF EXISTS `t_patient`;
CREATE TABLE `t_patient` (
  `patientId` varchar(20) NOT NULL,
  `cardNo` varchar(32) DEFAULT NULL,
  `name` varchar(20) DEFAULT NULL,
  `idCard` varchar(32) DEFAULT NULL,
  `type` int(11) DEFAULT NULL,
  `uid` varchar(20) DEFAULT NULL,
  `phone` varchar(20) DEFAULT NULL,
  PRIMARY KEY (`patientId`)
) ENGINE=InnoDB DEFAULT CHARSET=utf8;

-- ----------------------------
-- Records of t_patient
-- ----------------------------

-- ----------------------------
-- Table structure for `t_regist`
-- ----------------------------
DROP TABLE IF EXISTS `t_regist`;
CREATE TABLE `t_regist` (
  `id` int(11) NOT NULL AUTO_INCREMENT,
  `预约挂号记录标识` varchar(20) DEFAULT NULL,
  `挂号序号` varchar(20) DEFAULT NULL,
  `挂号费` varchar(5) DEFAULT NULL,
  `手续费` varchar(5) DEFAULT NULL,
  `就诊日期` varchar(10) DEFAULT NULL,
  `就诊时间段` varchar(40) DEFAULT NULL,
  `病人id` varchar(20) DEFAULT NULL,
  `uid` varchar(20) DEFAULT NULL,
  `挂号日期` varchar(10) DEFAULT NULL,
  `第三方平台标识` varchar(20) DEFAULT NULL,
  `医院id` varchar(32) DEFAULT NULL,
  `科室id` varchar(10) DEFAULT NULL,
  `医生id` varchar(10) DEFAULT NULL,
  `挂号状态` int(11) DEFAULT NULL,
  PRIMARY KEY (`id`)
) ENGINE=InnoDB DEFAULT CHARSET=utf8;

-- ----------------------------
-- Records of t_regist
-- ----------------------------

-- ----------------------------
-- Table structure for `t_schedual`
-- ----------------------------
DROP TABLE IF EXISTS `t_schedual`;
CREATE TABLE `t_schedual` (
  `id` varchar(20) NOT NULL,
  `date` varchar(10) NOT NULL,
  `hospitalId` varchar(32) DEFAULT NULL,
  `deptId` varchar(10) NOT NULL,
  `deptName` varchar(50) DEFAULT NULL,
  `subjectId` varchar(10) DEFAULT NULL,
  `subject` varchar(100) DEFAULT NULL,
  `doctorIntro` varchar(200) DEFAULT NULL,
  `price` varchar(5) DEFAULT NULL,
  `typeId` varchar(10) DEFAULT NULL,
  `type` varchar(20) DEFAULT NULL,
  `groupCode` varchar(20) DEFAULT NULL,
  `groupName` varchar(30) DEFAULT NULL,
  `address` varchar(100) DEFAULT NULL,
  `resNo` varchar(3) DEFAULT NULL,
  PRIMARY KEY (`id`,`date`)
) ENGINE=InnoDB DEFAULT CHARSET=utf8;

-- ----------------------------
-- Records of t_schedual
-- ----------------------------
INSERT INTO `t_schedual` VALUES ('201603240018', '2016-03-24', '20009030500001', '0018', '血液桑玉旗', null, null, null, '8', '主任号', '主任号', '', '', '', '');
INSERT INTO `t_schedual` VALUES ('2016032401', '2016-03-24', '20009030500001', '01', '消化内科', null, null, null, '6', '专家号', '专家号', '', '', '门诊二楼西区', '');
INSERT INTO `t_schedual` VALUES ('2016032402', '2016-03-24', '20009030500001', '02', '血液内科', null, null, null, '6', '专家号', '专家号', '', '', '门诊二楼西区', '');
INSERT INTO `t_schedual` VALUES ('2016032403', '2016-03-24', '20009030500001', '03', '呼吸内科', null, null, null, '6', '专家号', '专家号', '', '', '门诊二楼西区', '');
INSERT INTO `t_schedual` VALUES ('2016032404', '2016-03-24', '20009030500001', '04', '泌尿内科', null, null, null, '6', '专家号', '专家号', '', '', '门诊二楼西区', '');
INSERT INTO `t_schedual` VALUES ('2016032405', '2016-03-24', '20009030500001', '05', '内分泌科', null, null, null, '6', '专家号', '专家号', '', '', '门诊二楼西区', '');
INSERT INTO `t_schedual` VALUES ('2016032406', '2016-03-24', '20009030500001', '06', '神经内科', null, null, null, '6', '专家号', '专家号', '', '', '门诊二楼西区', '');
INSERT INTO `t_schedual` VALUES ('2016032407', '2016-03-24', '20009030500001', '07', '心内科', null, null, null, '6', '专家号', '专家号', '', '', '门诊二楼西区', '');
INSERT INTO `t_schedual` VALUES ('201603240783', '2016-03-24', '20009030500001', '0783', '急诊付双来', null, null, null, '6', '副主任号', '副主任号', '', '', '', '');
INSERT INTO `t_schedual` VALUES ('2016032408', '2016-03-24', '20009030500001', '08', '老年病科', null, null, null, '6', '专家号', '专家号', '', '', '门诊二楼西区', '');
INSERT INTO `t_schedual` VALUES ('2016032409', '2016-03-24', '20009030500001', '09', '风湿科', null, null, null, '6', '专家号', '专家号', '', '', '门诊二楼西区', '');
INSERT INTO `t_schedual` VALUES ('2016032411', '2016-03-24', '20009030500001', '11', '胸外科', null, null, null, '6', '专家号', '专家号', '', '', '门诊一楼东区', '');
INSERT INTO `t_schedual` VALUES ('2016032411011', '2016-03-24', '20009030500001', '11011', '胃肠外科', null, null, null, '6', '专家号', '专家号', '', '', '门诊一楼东区', '');
INSERT INTO `t_schedual` VALUES ('2016032411012', '2016-03-24', '20009030500001', '11012', '两腺血管外科', null, null, null, '6', '专家号', '专家号', '', '', '门诊一楼东区', '');
INSERT INTO `t_schedual` VALUES ('2016032411013', '2016-03-24', '20009030500001', '11013', '肝胆疝外', null, null, null, '6', '专家号', '专家号', '', '', '门诊一楼东区', '');
INSERT INTO `t_schedual` VALUES ('201603241121', '2016-03-24', '20009030500001', '1121', '骨科普通', null, null, null, '3', '普通号', '普通号', '', '', '', '');
INSERT INTO `t_schedual` VALUES ('2016032411211', '2016-03-24', '20009030500001', '11211', '骨创外科', null, null, null, '6', '专家号', '专家号', '', '', '门诊一楼东区', '');
INSERT INTO `t_schedual` VALUES ('2016032411212', '2016-03-24', '20009030500001', '11212', '骨关节外科', null, null, null, '6', '专家号', '专家号', '', '', '门诊一楼东区', '');
INSERT INTO `t_schedual` VALUES ('2016032411213', '2016-03-24', '20009030500001', '11213', '脊柱外科', null, null, null, '6', '专家号', '专家号', '', '', '', '');
INSERT INTO `t_schedual` VALUES ('201603241151', '2016-03-24', '20009030500001', '1151', '妇产科普通', null, null, null, '3', '普通号', '普通号', '', '', '', '');
INSERT INTO `t_schedual` VALUES ('2016032412', '2016-03-24', '20009030500001', '12', '骨外科', null, null, null, '6', '专家号', '专家号', '', '', '', '');
INSERT INTO `t_schedual` VALUES ('201603241201', '2016-03-24', '20009030500001', '1201', '口腔普通', null, null, null, '3', '普通号', '普通号', '', '', '', '');
INSERT INTO `t_schedual` VALUES ('201603241289', '2016-03-24', '20009030500001', '1289', '烧伤于庆平', null, null, null, '6', '副主任号', '副主任号', '', '', '', '');
INSERT INTO `t_schedual` VALUES ('2016032413', '2016-03-24', '20009030500001', '13', '泌尿外科', null, null, null, '6', '专家号', '专家号', '', '', '门诊一楼东区', '');
INSERT INTO `t_schedual` VALUES ('201603241311', '2016-03-24', '20009030500001', '1311', '中医科特色门诊', null, null, null, '3', '普通号', '普通号', '', '', '门诊二楼东区', '');
INSERT INTO `t_schedual` VALUES ('20160324139', '2016-03-24', '20009030500001', '139', '心脏血管外科', null, null, null, '6', '专家号', '专家号', '', '', '门诊一楼东区', '');
INSERT INTO `t_schedual` VALUES ('2016032414', '2016-03-24', '20009030500001', '14', '神经外科', null, null, null, '6', '专家号', '专家号', '', '', '门诊一楼东区', '');
INSERT INTO `t_schedual` VALUES ('2016032414001', '2016-03-24', '20009030500001', '14001', '内科普通门诊', null, null, null, '3', '普通号', '普通号', '', '', '', '');
INSERT INTO `t_schedual` VALUES ('2016032414002', '2016-03-24', '20009030500001', '14002', '外科普通门诊', null, null, null, '3', '普通号', '普通号', '', '', '', '');
INSERT INTO `t_schedual` VALUES ('2016032414003', '2016-03-24', '20009030500001', '14003', '妇科普通门诊', null, null, null, '3', '普通号', '普通号', '', '', '', '');
INSERT INTO `t_schedual` VALUES ('2016032414004', '2016-03-24', '20009030500001', '14004', '儿科普通门诊', null, null, null, '3', '普通号', '普通号', '', '', '', '');
INSERT INTO `t_schedual` VALUES ('2016032414005', '2016-03-24', '20009030500001', '14005', '眼科普通门诊', null, null, null, '3', '普通号', '普通号', '', '', '', '');
INSERT INTO `t_schedual` VALUES ('2016032414006', '2016-03-24', '20009030500001', '14006', '耳鼻喉普通门诊', null, null, null, '3', '普通号', '普通号', '', '', '', '');
INSERT INTO `t_schedual` VALUES ('2016032414007', '2016-03-24', '20009030500001', '14007', '口腔普通门诊', null, null, null, '3', '普通号', '普通号', '', '', '', '');
INSERT INTO `t_schedual` VALUES ('2016032414008', '2016-03-24', '20009030500001', '14008', '皮肤普通门诊', null, null, null, '3', '普通号', '普通号', '', '', '', '');
INSERT INTO `t_schedual` VALUES ('2016032414009', '2016-03-24', '20009030500001', '14009', '营养科普通门诊', null, null, null, '3', '普通号', '普通号', '', '', '', '');
INSERT INTO `t_schedual` VALUES ('20160324141', '2016-03-24', '20009030500001', '141', 'PICC门诊', null, null, null, '3', '普通号', '普通号', '', '', '门诊三楼西区', '');
INSERT INTO `t_schedual` VALUES ('20160324142', '2016-03-24', '20009030500001', '142', '伤口造口门诊', null, null, null, '3', '普通号', '普通号', '', '', '', '');
INSERT INTO `t_schedual` VALUES ('2016032415', '2016-03-24', '20009030500001', '15', '小儿外科', null, null, null, '6', '专家号', '专家号', '', '', '门诊一楼东区', '');
INSERT INTO `t_schedual` VALUES ('201603241566', '2016-03-24', '20009030500001', '1566', '皮肤邓仰福', null, null, null, '8', '主任号', '主任号', '', '', '', '');
INSERT INTO `t_schedual` VALUES ('2016032416', '2016-03-24', '20009030500001', '16', '烧伤科', null, null, null, '6', '专家号', '专家号', '', '', '门诊一楼西区', '');
INSERT INTO `t_schedual` VALUES ('20160324161', '2016-03-24', '20009030500001', '161', '放疗王擎玉', null, null, null, '8', '老专家号', '老专家号', '', '', '', '');
INSERT INTO `t_schedual` VALUES ('20160324166', '2016-03-24', '20009030500001', '166', '放疗李如玺', null, null, null, '8', '老专家号', '老专家号', '', '', '', '');
INSERT INTO `t_schedual` VALUES ('2016032417', '2016-03-24', '20009030500001', '17', '妇产科', null, null, null, '11', '妇产专家', '妇产专家', '', '', '门诊三楼东区', '');
INSERT INTO `t_schedual` VALUES ('2016032418', '2016-03-24', '20009030500001', '18', '眼科', null, null, null, '6', '专家号', '专家号', '', '', '门诊三楼西区', '');
INSERT INTO `t_schedual` VALUES ('2016032419', '2016-03-24', '20009030500001', '19', '小儿科', null, null, null, '6', '专家号', '专家号', '', '', '门诊二楼东区', '');
INSERT INTO `t_schedual` VALUES ('2016032420', '2016-03-24', '20009030500001', '20', '不孕不育门诊', null, null, null, '11', '妇产专家', '妇产专家', '', '', '门诊三楼东区', '');
INSERT INTO `t_schedual` VALUES ('2016032421', '2016-03-24', '20009030500001', '21', '耳鼻喉科', null, null, null, '6', '专家号', '专家号', '', '', '门诊三楼西区', '');
INSERT INTO `t_schedual` VALUES ('20160324219', '2016-03-24', '20009030500001', '219', '营养科', null, null, null, '6', '专家号', '专家号', '', '', '门诊三楼西区', '');
INSERT INTO `t_schedual` VALUES ('2016032422', '2016-03-24', '20009030500001', '22', '口腔科', null, null, null, '6', '专家号', '专家号', '', '', '口腔综合楼一楼', '');
INSERT INTO `t_schedual` VALUES ('20160324224', '2016-03-24', '20009030500001', '224', '磁共振室', null, null, null, '3', '普通号', '普通号', '', '', '', '');
INSERT INTO `t_schedual` VALUES ('2016032423', '2016-03-24', '20009030500001', '23', '皮肤科', null, null, null, '6', '专家号', '专家号', '', '', '门诊四楼西区', '');
INSERT INTO `t_schedual` VALUES ('2016032424', '2016-03-24', '20009030500001', '24', '肿瘤科', null, null, null, '6', '专家号', '专家号', '', '', '', '');
INSERT INTO `t_schedual` VALUES ('2016032425', '2016-03-24', '20009030500001', '25', '传染科', null, null, null, '6', '专家号', '专家号', '', '', '感染楼一楼', '');
INSERT INTO `t_schedual` VALUES ('2016032426', '2016-03-24', '20009030500001', '26', '疼痛科', null, null, null, '6', '专家号', '专家号', '', '', '', '');
INSERT INTO `t_schedual` VALUES ('2016032427', '2016-03-24', '20009030500001', '27', '美容科', null, null, null, '6', '专家号', '专家号', '', '', '门诊四楼西区', '');
INSERT INTO `t_schedual` VALUES ('2016032429', '2016-03-24', '20009030500001', '29', '中医科', null, null, null, '6', '专家号', '专家号', '', '', '门诊二楼东区', '');
INSERT INTO `t_schedual` VALUES ('2016032431', '2016-03-24', '20009030500001', '31', '中医普通', null, null, null, '3', '普通号', '普通号', '', '', '', '');
INSERT INTO `t_schedual` VALUES ('2016032441101', '2016-03-24', '20009030500001', '41101', '多学科综合门诊', null, null, null, '6', '专家号', '专家号', '', '', '门诊三楼西区', '');
INSERT INTO `t_schedual` VALUES ('2016032453', '2016-03-24', '20009030500001', '53', '妇产科门诊', null, null, null, '6', '专家号', '专家号', '', '', '', '');
INSERT INTO `t_schedual` VALUES ('2016032461', '2016-03-24', '20009030500001', '61', '急诊科', null, null, null, '6', '急诊号', '急诊号', '', '', '', '');
INSERT INTO `t_schedual` VALUES ('201603246199', '2016-03-24', '20009030500001', '6199', '儿科王玉兰', null, null, null, '8', '老专家号', '老专家号', '', '', '', '');
INSERT INTO `t_schedual` VALUES ('201603246302', '2016-03-24', '20009030500001', '6302', '内科朱崇第', null, null, null, '8', '老专家号', '老专家号', '', '', '', '');
INSERT INTO `t_schedual` VALUES ('201603246303', '2016-03-24', '20009030500001', '6303', '内科朱传由', null, null, null, '8', '老专家号', '老专家号', '', '', '', '');
INSERT INTO `t_schedual` VALUES ('201603246305', '2016-03-24', '20009030500001', '6305', '内科孙玉琴', null, null, null, '8', '老专家号', '老专家号', '', '', '', '');
INSERT INTO `t_schedual` VALUES ('201603246306', '2016-03-24', '20009030500001', '6306', '传染王福臣', null, null, null, '8', '老专家号', '老专家号', '', '', '', '');
INSERT INTO `t_schedual` VALUES ('201603246309', '2016-03-24', '20009030500001', '6309', '内科刘汉琪', null, null, null, '8', '老专家号', '老专家号', '', '', '', '');
INSERT INTO `t_schedual` VALUES ('201603246313', '2016-03-24', '20009030500001', '6313', '外科邹本章', null, null, null, '8', '老专家号', '老专家号', '', '', '', '');
INSERT INTO `t_schedual` VALUES ('201603246317', '2016-03-24', '20009030500001', '6317', '外科王兆允', null, null, null, '8', '老专家号', '老专家号', '', '', '', '');
INSERT INTO `t_schedual` VALUES ('201603246322', '2016-03-24', '20009030500001', '6322', '妇科郑素芳', null, null, null, '13', '老专家妇', '老专家妇', '', '', '', '');
INSERT INTO `t_schedual` VALUES ('201603246323', '2016-03-24', '20009030500001', '6323', '妇科李静', null, null, null, '13', '老专家妇', '老专家妇', '', '', '', '');
INSERT INTO `t_schedual` VALUES ('201603246331', '2016-03-24', '20009030500001', '6331', '儿科陈树藩', null, null, null, '8', '老专家号', '老专家号', '', '', '', '');
INSERT INTO `t_schedual` VALUES ('201603246332', '2016-03-24', '20009030500001', '6332', '儿科朱崇泉', null, null, null, '8', '老专家号', '老专家号', '', '', '', '');
INSERT INTO `t_schedual` VALUES ('201603246334', '2016-03-24', '20009030500001', '6334', '儿科李玉萍', null, null, null, '8', '老专家号', '老专家号', '', '', '', '');
INSERT INTO `t_schedual` VALUES ('201603246371', '2016-03-24', '20009030500001', '6371', '中医王玉贞', null, null, null, '8', '老专家号', '老专家号', '', '', '', '');
INSERT INTO `t_schedual` VALUES ('201603246382', '2016-03-24', '20009030500001', '6382', '内科张顺道', null, null, null, '8', '老专家号', '老专家号', '', '', '', '');
INSERT INTO `t_schedual` VALUES ('201603246666', '2016-03-24', '20009030500001', '6666', '便民门诊', null, null, null, '0', '便民门诊', '便民门诊', '', '', '门诊一楼西区', '');
INSERT INTO `t_schedual` VALUES ('201603246831', '2016-03-24', '20009030500001', '6831', '内科王秀兰', null, null, null, '8', '老专家号', '老专家号', '', '', '', '');
INSERT INTO `t_schedual` VALUES ('2016032487', '2016-03-24', '20009030500001', '87', '神经内急诊', null, null, null, '6', '急诊号', '急诊号', '', '', '', '');
INSERT INTO `t_schedual` VALUES ('2016032490', '2016-03-24', '20009030500001', '90', '碎石中心', null, null, null, '6', '专家号', '专家号', '', '', '', '');
INSERT INTO `t_schedual` VALUES ('201603249738', '2016-03-24', '20009030500001', '9738', '皮肤晁青', null, null, null, '6', '副主任号', '副主任号', '', '', '', '');
INSERT INTO `t_schedual` VALUES ('201603249966', '2016-03-24', '20009030500001', '9966', '肌病吴保凡', null, null, null, '6', '专家号', '专家号', '', '', '', '');
INSERT INTO `t_schedual` VALUES ('201603250018', '2016-03-25', '20009030500001', '0018', '血液桑玉旗', null, null, null, '8', '主任号', '主任号', '', '', '', '');
INSERT INTO `t_schedual` VALUES ('2016032501', '2016-03-25', '20009030500001', '01', '消化内科', null, null, null, '6', '专家号', '专家号', '', '', '门诊二楼西区', '');
INSERT INTO `t_schedual` VALUES ('2016032502', '2016-03-25', '20009030500001', '02', '血液内科', null, null, null, '6', '专家号', '专家号', '', '', '门诊二楼西区', '');
INSERT INTO `t_schedual` VALUES ('2016032503', '2016-03-25', '20009030500001', '03', '呼吸内科', null, null, null, '6', '专家号', '专家号', '', '', '门诊二楼西区', '');
INSERT INTO `t_schedual` VALUES ('2016032504', '2016-03-25', '20009030500001', '04', '泌尿内科', null, null, null, '6', '专家号', '专家号', '', '', '门诊二楼西区', '');
INSERT INTO `t_schedual` VALUES ('2016032505', '2016-03-25', '20009030500001', '05', '内分泌科', null, null, null, '6', '专家号', '专家号', '', '', '门诊二楼西区', '');
INSERT INTO `t_schedual` VALUES ('2016032506', '2016-03-25', '20009030500001', '06', '神经内科', null, null, null, '6', '专家号', '专家号', '', '', '门诊二楼西区', '');
INSERT INTO `t_schedual` VALUES ('2016032507', '2016-03-25', '20009030500001', '07', '心内科', null, null, null, '6', '专家号', '专家号', '', '', '门诊二楼西区', '');
INSERT INTO `t_schedual` VALUES ('201603250783', '2016-03-25', '20009030500001', '0783', '急诊付双来', null, null, null, '6', '副主任号', '副主任号', '', '', '', '');
INSERT INTO `t_schedual` VALUES ('2016032508', '2016-03-25', '20009030500001', '08', '老年病科', null, null, null, '6', '专家号', '专家号', '', '', '门诊二楼西区', '');
INSERT INTO `t_schedual` VALUES ('2016032509', '2016-03-25', '20009030500001', '09', '风湿科', null, null, null, '6', '专家号', '专家号', '', '', '门诊二楼西区', '');
INSERT INTO `t_schedual` VALUES ('2016032511', '2016-03-25', '20009030500001', '11', '胸外科', null, null, null, '6', '专家号', '专家号', '', '', '门诊一楼东区', '');
INSERT INTO `t_schedual` VALUES ('2016032511011', '2016-03-25', '20009030500001', '11011', '胃肠外科', null, null, null, '6', '专家号', '专家号', '', '', '门诊一楼东区', '');
INSERT INTO `t_schedual` VALUES ('2016032511012', '2016-03-25', '20009030500001', '11012', '两腺血管外科', null, null, null, '6', '专家号', '专家号', '', '', '门诊一楼东区', '');
INSERT INTO `t_schedual` VALUES ('2016032511013', '2016-03-25', '20009030500001', '11013', '肝胆疝外', null, null, null, '6', '专家号', '专家号', '', '', '门诊一楼东区', '');
INSERT INTO `t_schedual` VALUES ('201603251121', '2016-03-25', '20009030500001', '1121', '骨科普通', null, null, null, '3', '普通号', '普通号', '', '', '', '');
INSERT INTO `t_schedual` VALUES ('2016032511211', '2016-03-25', '20009030500001', '11211', '骨创外科', null, null, null, '6', '专家号', '专家号', '', '', '门诊一楼东区', '');
INSERT INTO `t_schedual` VALUES ('2016032511212', '2016-03-25', '20009030500001', '11212', '骨关节外科', null, null, null, '6', '专家号', '专家号', '', '', '门诊一楼东区', '');
INSERT INTO `t_schedual` VALUES ('2016032511213', '2016-03-25', '20009030500001', '11213', '脊柱外科', null, null, null, '6', '专家号', '专家号', '', '', '', '');
INSERT INTO `t_schedual` VALUES ('201603251151', '2016-03-25', '20009030500001', '1151', '妇产科普通', null, null, null, '3', '普通号', '普通号', '', '', '', '');
INSERT INTO `t_schedual` VALUES ('2016032512', '2016-03-25', '20009030500001', '12', '骨外科', null, null, null, '6', '专家号', '专家号', '', '', '', '');
INSERT INTO `t_schedual` VALUES ('201603251201', '2016-03-25', '20009030500001', '1201', '口腔普通', null, null, null, '3', '普通号', '普通号', '', '', '', '');
INSERT INTO `t_schedual` VALUES ('201603251289', '2016-03-25', '20009030500001', '1289', '烧伤于庆平', null, null, null, '6', '副主任号', '副主任号', '', '', '', '');
INSERT INTO `t_schedual` VALUES ('2016032513', '2016-03-25', '20009030500001', '13', '泌尿外科', null, null, null, '6', '专家号', '专家号', '', '', '门诊一楼东区', '');
INSERT INTO `t_schedual` VALUES ('201603251311', '2016-03-25', '20009030500001', '1311', '中医科特色门诊', null, null, null, '3', '普通号', '普通号', '', '', '门诊二楼东区', '');
INSERT INTO `t_schedual` VALUES ('20160325139', '2016-03-25', '20009030500001', '139', '心脏血管外科', null, null, null, '6', '专家号', '专家号', '', '', '门诊一楼东区', '');
INSERT INTO `t_schedual` VALUES ('2016032514', '2016-03-25', '20009030500001', '14', '神经外科', null, null, null, '6', '专家号', '专家号', '', '', '门诊一楼东区', '');
INSERT INTO `t_schedual` VALUES ('2016032514001', '2016-03-25', '20009030500001', '14001', '内科普通门诊', null, null, null, '3', '普通号', '普通号', '', '', '', '');
INSERT INTO `t_schedual` VALUES ('2016032514002', '2016-03-25', '20009030500001', '14002', '外科普通门诊', null, null, null, '3', '普通号', '普通号', '', '', '', '');
INSERT INTO `t_schedual` VALUES ('2016032514003', '2016-03-25', '20009030500001', '14003', '妇科普通门诊', null, null, null, '3', '普通号', '普通号', '', '', '', '');
INSERT INTO `t_schedual` VALUES ('2016032514004', '2016-03-25', '20009030500001', '14004', '儿科普通门诊', null, null, null, '3', '普通号', '普通号', '', '', '', '');
INSERT INTO `t_schedual` VALUES ('2016032514005', '2016-03-25', '20009030500001', '14005', '眼科普通门诊', null, null, null, '3', '普通号', '普通号', '', '', '', '');
INSERT INTO `t_schedual` VALUES ('2016032514006', '2016-03-25', '20009030500001', '14006', '耳鼻喉普通门诊', null, null, null, '3', '普通号', '普通号', '', '', '', '');
INSERT INTO `t_schedual` VALUES ('2016032514007', '2016-03-25', '20009030500001', '14007', '口腔普通门诊', null, null, null, '3', '普通号', '普通号', '', '', '', '');
INSERT INTO `t_schedual` VALUES ('2016032514008', '2016-03-25', '20009030500001', '14008', '皮肤普通门诊', null, null, null, '3', '普通号', '普通号', '', '', '', '');
INSERT INTO `t_schedual` VALUES ('2016032514009', '2016-03-25', '20009030500001', '14009', '营养科普通门诊', null, null, null, '3', '普通号', '普通号', '', '', '', '');
INSERT INTO `t_schedual` VALUES ('20160325141', '2016-03-25', '20009030500001', '141', 'PICC门诊', null, null, null, '3', '普通号', '普通号', '', '', '门诊三楼西区', '');
INSERT INTO `t_schedual` VALUES ('20160325142', '2016-03-25', '20009030500001', '142', '伤口造口门诊', null, null, null, '3', '普通号', '普通号', '', '', '', '');
INSERT INTO `t_schedual` VALUES ('2016032515', '2016-03-25', '20009030500001', '15', '小儿外科', null, null, null, '6', '专家号', '专家号', '', '', '门诊一楼东区', '');
INSERT INTO `t_schedual` VALUES ('201603251566', '2016-03-25', '20009030500001', '1566', '皮肤邓仰福', null, null, null, '8', '主任号', '主任号', '', '', '', '');
INSERT INTO `t_schedual` VALUES ('2016032516', '2016-03-25', '20009030500001', '16', '烧伤科', null, null, null, '6', '专家号', '专家号', '', '', '门诊一楼西区', '');
INSERT INTO `t_schedual` VALUES ('20160325161', '2016-03-25', '20009030500001', '161', '放疗王擎玉', null, null, null, '8', '老专家号', '老专家号', '', '', '', '');
INSERT INTO `t_schedual` VALUES ('20160325166', '2016-03-25', '20009030500001', '166', '放疗李如玺', null, null, null, '8', '老专家号', '老专家号', '', '', '', '');
INSERT INTO `t_schedual` VALUES ('2016032517', '2016-03-25', '20009030500001', '17', '妇产科', null, null, null, '11', '妇产专家', '妇产专家', '', '', '门诊三楼东区', '');
INSERT INTO `t_schedual` VALUES ('2016032518', '2016-03-25', '20009030500001', '18', '眼科', null, null, null, '6', '专家号', '专家号', '', '', '门诊三楼西区', '');
INSERT INTO `t_schedual` VALUES ('2016032519', '2016-03-25', '20009030500001', '19', '小儿科', null, null, null, '6', '专家号', '专家号', '', '', '门诊二楼东区', '');
INSERT INTO `t_schedual` VALUES ('2016032520', '2016-03-25', '20009030500001', '20', '不孕不育门诊', null, null, null, '11', '妇产专家', '妇产专家', '', '', '门诊三楼东区', '');
INSERT INTO `t_schedual` VALUES ('2016032521', '2016-03-25', '20009030500001', '21', '耳鼻喉科', null, null, null, '6', '专家号', '专家号', '', '', '门诊三楼西区', '');
INSERT INTO `t_schedual` VALUES ('20160325219', '2016-03-25', '20009030500001', '219', '营养科', null, null, null, '6', '专家号', '专家号', '', '', '门诊三楼西区', '');
INSERT INTO `t_schedual` VALUES ('2016032522', '2016-03-25', '20009030500001', '22', '口腔科', null, null, null, '6', '专家号', '专家号', '', '', '口腔综合楼一楼', '');
INSERT INTO `t_schedual` VALUES ('20160325224', '2016-03-25', '20009030500001', '224', '磁共振室', null, null, null, '3', '普通号', '普通号', '', '', '', '');
INSERT INTO `t_schedual` VALUES ('2016032523', '2016-03-25', '20009030500001', '23', '皮肤科', null, null, null, '6', '专家号', '专家号', '', '', '门诊四楼西区', '');
INSERT INTO `t_schedual` VALUES ('2016032524', '2016-03-25', '20009030500001', '24', '肿瘤科', null, null, null, '6', '专家号', '专家号', '', '', '', '');
INSERT INTO `t_schedual` VALUES ('2016032525', '2016-03-25', '20009030500001', '25', '传染科', null, null, null, '6', '专家号', '专家号', '', '', '感染楼一楼', '');
INSERT INTO `t_schedual` VALUES ('2016032526', '2016-03-25', '20009030500001', '26', '疼痛科', null, null, null, '6', '专家号', '专家号', '', '', '', '');
INSERT INTO `t_schedual` VALUES ('2016032527', '2016-03-25', '20009030500001', '27', '美容科', null, null, null, '6', '专家号', '专家号', '', '', '门诊四楼西区', '');
INSERT INTO `t_schedual` VALUES ('2016032529', '2016-03-25', '20009030500001', '29', '中医科', null, null, null, '6', '专家号', '专家号', '', '', '门诊二楼东区', '');
INSERT INTO `t_schedual` VALUES ('2016032531', '2016-03-25', '20009030500001', '31', '中医普通', null, null, null, '3', '普通号', '普通号', '', '', '', '');
INSERT INTO `t_schedual` VALUES ('2016032541101', '2016-03-25', '20009030500001', '41101', '多学科综合门诊', null, null, null, '6', '专家号', '专家号', '', '', '门诊三楼西区', '');
INSERT INTO `t_schedual` VALUES ('2016032553', '2016-03-25', '20009030500001', '53', '妇产科门诊', null, null, null, '6', '专家号', '专家号', '', '', '', '');
INSERT INTO `t_schedual` VALUES ('2016032561', '2016-03-25', '20009030500001', '61', '急诊科', null, null, null, '6', '急诊号', '急诊号', '', '', '', '');
INSERT INTO `t_schedual` VALUES ('201603256199', '2016-03-25', '20009030500001', '6199', '儿科王玉兰', null, null, null, '8', '老专家号', '老专家号', '', '', '', '');
INSERT INTO `t_schedual` VALUES ('201603256302', '2016-03-25', '20009030500001', '6302', '内科朱崇第', null, null, null, '8', '老专家号', '老专家号', '', '', '', '');
INSERT INTO `t_schedual` VALUES ('201603256303', '2016-03-25', '20009030500001', '6303', '内科朱传由', null, null, null, '8', '老专家号', '老专家号', '', '', '', '');
INSERT INTO `t_schedual` VALUES ('201603256305', '2016-03-25', '20009030500001', '6305', '内科孙玉琴', null, null, null, '8', '老专家号', '老专家号', '', '', '', '');
INSERT INTO `t_schedual` VALUES ('201603256306', '2016-03-25', '20009030500001', '6306', '传染王福臣', null, null, null, '8', '老专家号', '老专家号', '', '', '', '');
INSERT INTO `t_schedual` VALUES ('201603256309', '2016-03-25', '20009030500001', '6309', '内科刘汉琪', null, null, null, '8', '老专家号', '老专家号', '', '', '', '');
INSERT INTO `t_schedual` VALUES ('201603256313', '2016-03-25', '20009030500001', '6313', '外科邹本章', null, null, null, '8', '老专家号', '老专家号', '', '', '', '');
INSERT INTO `t_schedual` VALUES ('201603256317', '2016-03-25', '20009030500001', '6317', '外科王兆允', null, null, null, '8', '老专家号', '老专家号', '', '', '', '');
INSERT INTO `t_schedual` VALUES ('201603256322', '2016-03-25', '20009030500001', '6322', '妇科郑素芳', null, null, null, '13', '老专家妇', '老专家妇', '', '', '', '');
INSERT INTO `t_schedual` VALUES ('201603256323', '2016-03-25', '20009030500001', '6323', '妇科李静', null, null, null, '13', '老专家妇', '老专家妇', '', '', '', '');
INSERT INTO `t_schedual` VALUES ('201603256331', '2016-03-25', '20009030500001', '6331', '儿科陈树藩', null, null, null, '8', '老专家号', '老专家号', '', '', '', '');
INSERT INTO `t_schedual` VALUES ('201603256332', '2016-03-25', '20009030500001', '6332', '儿科朱崇泉', null, null, null, '8', '老专家号', '老专家号', '', '', '', '');
INSERT INTO `t_schedual` VALUES ('201603256334', '2016-03-25', '20009030500001', '6334', '儿科李玉萍', null, null, null, '8', '老专家号', '老专家号', '', '', '', '');
INSERT INTO `t_schedual` VALUES ('201603256371', '2016-03-25', '20009030500001', '6371', '中医王玉贞', null, null, null, '8', '老专家号', '老专家号', '', '', '', '');
INSERT INTO `t_schedual` VALUES ('201603256382', '2016-03-25', '20009030500001', '6382', '内科张顺道', null, null, null, '8', '老专家号', '老专家号', '', '', '', '');
INSERT INTO `t_schedual` VALUES ('201603256666', '2016-03-25', '20009030500001', '6666', '便民门诊', null, null, null, '0', '便民门诊', '便民门诊', '', '', '门诊一楼西区', '');
INSERT INTO `t_schedual` VALUES ('201603256831', '2016-03-25', '20009030500001', '6831', '内科王秀兰', null, null, null, '8', '老专家号', '老专家号', '', '', '', '');
INSERT INTO `t_schedual` VALUES ('2016032587', '2016-03-25', '20009030500001', '87', '神经内急诊', null, null, null, '6', '急诊号', '急诊号', '', '', '', '');
INSERT INTO `t_schedual` VALUES ('2016032590', '2016-03-25', '20009030500001', '90', '碎石中心', null, null, null, '6', '专家号', '专家号', '', '', '', '');
INSERT INTO `t_schedual` VALUES ('201603259738', '2016-03-25', '20009030500001', '9738', '皮肤晁青', null, null, null, '6', '副主任号', '副主任号', '', '', '', '');
INSERT INTO `t_schedual` VALUES ('201603259966', '2016-03-25', '20009030500001', '9966', '肌病吴保凡', null, null, null, '6', '专家号', '专家号', '', '', '', '');
INSERT INTO `t_schedual` VALUES ('201603260018', '2016-03-26', '20009030500001', '0018', '血液桑玉旗', null, null, null, '8', '主任号', '主任号', '', '', '', '');
INSERT INTO `t_schedual` VALUES ('2016032601', '2016-03-26', '20009030500001', '01', '消化内科', null, null, null, '6', '专家号', '专家号', '', '', '门诊二楼西区', '');
INSERT INTO `t_schedual` VALUES ('2016032602', '2016-03-26', '20009030500001', '02', '血液内科', null, null, null, '6', '专家号', '专家号', '', '', '门诊二楼西区', '');
INSERT INTO `t_schedual` VALUES ('2016032603', '2016-03-26', '20009030500001', '03', '呼吸内科', null, null, null, '6', '专家号', '专家号', '', '', '门诊二楼西区', '');
INSERT INTO `t_schedual` VALUES ('2016032604', '2016-03-26', '20009030500001', '04', '泌尿内科', null, null, null, '6', '专家号', '专家号', '', '', '门诊二楼西区', '');
INSERT INTO `t_schedual` VALUES ('2016032605', '2016-03-26', '20009030500001', '05', '内分泌科', null, null, null, '6', '专家号', '专家号', '', '', '门诊二楼西区', '');
INSERT INTO `t_schedual` VALUES ('2016032606', '2016-03-26', '20009030500001', '06', '神经内科', null, null, null, '6', '专家号', '专家号', '', '', '门诊二楼西区', '');
INSERT INTO `t_schedual` VALUES ('2016032607', '2016-03-26', '20009030500001', '07', '心内科', null, null, null, '6', '专家号', '专家号', '', '', '门诊二楼西区', '');
INSERT INTO `t_schedual` VALUES ('201603260783', '2016-03-26', '20009030500001', '0783', '急诊付双来', null, null, null, '6', '副主任号', '副主任号', '', '', '', '');
INSERT INTO `t_schedual` VALUES ('2016032608', '2016-03-26', '20009030500001', '08', '老年病科', null, null, null, '6', '专家号', '专家号', '', '', '门诊二楼西区', '');
INSERT INTO `t_schedual` VALUES ('2016032609', '2016-03-26', '20009030500001', '09', '风湿科', null, null, null, '6', '专家号', '专家号', '', '', '门诊二楼西区', '');
INSERT INTO `t_schedual` VALUES ('2016032611', '2016-03-26', '20009030500001', '11', '胸外科', null, null, null, '6', '专家号', '专家号', '', '', '门诊一楼东区', '');
INSERT INTO `t_schedual` VALUES ('2016032611011', '2016-03-26', '20009030500001', '11011', '胃肠外科', null, null, null, '6', '专家号', '专家号', '', '', '门诊一楼东区', '');
INSERT INTO `t_schedual` VALUES ('2016032611012', '2016-03-26', '20009030500001', '11012', '两腺血管外科', null, null, null, '6', '专家号', '专家号', '', '', '门诊一楼东区', '');
INSERT INTO `t_schedual` VALUES ('2016032611013', '2016-03-26', '20009030500001', '11013', '肝胆疝外', null, null, null, '6', '专家号', '专家号', '', '', '门诊一楼东区', '');
INSERT INTO `t_schedual` VALUES ('201603261121', '2016-03-26', '20009030500001', '1121', '骨科普通', null, null, null, '3', '普通号', '普通号', '', '', '', '');
INSERT INTO `t_schedual` VALUES ('2016032611211', '2016-03-26', '20009030500001', '11211', '骨创外科', null, null, null, '6', '专家号', '专家号', '', '', '门诊一楼东区', '');
INSERT INTO `t_schedual` VALUES ('2016032611212', '2016-03-26', '20009030500001', '11212', '骨关节外科', null, null, null, '6', '专家号', '专家号', '', '', '门诊一楼东区', '');
INSERT INTO `t_schedual` VALUES ('2016032611213', '2016-03-26', '20009030500001', '11213', '脊柱外科', null, null, null, '6', '专家号', '专家号', '', '', '', '');
INSERT INTO `t_schedual` VALUES ('201603261151', '2016-03-26', '20009030500001', '1151', '妇产科普通', null, null, null, '3', '普通号', '普通号', '', '', '', '');
INSERT INTO `t_schedual` VALUES ('2016032612', '2016-03-26', '20009030500001', '12', '骨外科', null, null, null, '6', '专家号', '专家号', '', '', '', '');
INSERT INTO `t_schedual` VALUES ('201603261201', '2016-03-26', '20009030500001', '1201', '口腔普通', null, null, null, '3', '普通号', '普通号', '', '', '', '');
INSERT INTO `t_schedual` VALUES ('201603261289', '2016-03-26', '20009030500001', '1289', '烧伤于庆平', null, null, null, '6', '副主任号', '副主任号', '', '', '', '');
INSERT INTO `t_schedual` VALUES ('2016032613', '2016-03-26', '20009030500001', '13', '泌尿外科', null, null, null, '6', '专家号', '专家号', '', '', '门诊一楼东区', '');
INSERT INTO `t_schedual` VALUES ('201603261311', '2016-03-26', '20009030500001', '1311', '中医科特色门诊', null, null, null, '3', '普通号', '普通号', '', '', '门诊二楼东区', '');
INSERT INTO `t_schedual` VALUES ('20160326139', '2016-03-26', '20009030500001', '139', '心脏血管外科', null, null, null, '6', '专家号', '专家号', '', '', '门诊一楼东区', '');
INSERT INTO `t_schedual` VALUES ('2016032614', '2016-03-26', '20009030500001', '14', '神经外科', null, null, null, '6', '专家号', '专家号', '', '', '门诊一楼东区', '');
INSERT INTO `t_schedual` VALUES ('2016032614001', '2016-03-26', '20009030500001', '14001', '内科普通门诊', null, null, null, '3', '普通号', '普通号', '', '', '', '');
INSERT INTO `t_schedual` VALUES ('2016032614002', '2016-03-26', '20009030500001', '14002', '外科普通门诊', null, null, null, '3', '普通号', '普通号', '', '', '', '');
INSERT INTO `t_schedual` VALUES ('2016032614003', '2016-03-26', '20009030500001', '14003', '妇科普通门诊', null, null, null, '3', '普通号', '普通号', '', '', '', '');
INSERT INTO `t_schedual` VALUES ('2016032614004', '2016-03-26', '20009030500001', '14004', '儿科普通门诊', null, null, null, '3', '普通号', '普通号', '', '', '', '');
INSERT INTO `t_schedual` VALUES ('2016032614005', '2016-03-26', '20009030500001', '14005', '眼科普通门诊', null, null, null, '3', '普通号', '普通号', '', '', '', '');
INSERT INTO `t_schedual` VALUES ('2016032614006', '2016-03-26', '20009030500001', '14006', '耳鼻喉普通门诊', null, null, null, '3', '普通号', '普通号', '', '', '', '');
INSERT INTO `t_schedual` VALUES ('2016032614007', '2016-03-26', '20009030500001', '14007', '口腔普通门诊', null, null, null, '3', '普通号', '普通号', '', '', '', '');
INSERT INTO `t_schedual` VALUES ('2016032614008', '2016-03-26', '20009030500001', '14008', '皮肤普通门诊', null, null, null, '3', '普通号', '普通号', '', '', '', '');
INSERT INTO `t_schedual` VALUES ('2016032614009', '2016-03-26', '20009030500001', '14009', '营养科普通门诊', null, null, null, '3', '普通号', '普通号', '', '', '', '');
INSERT INTO `t_schedual` VALUES ('20160326141', '2016-03-26', '20009030500001', '141', 'PICC门诊', null, null, null, '3', '普通号', '普通号', '', '', '门诊三楼西区', '');
INSERT INTO `t_schedual` VALUES ('20160326142', '2016-03-26', '20009030500001', '142', '伤口造口门诊', null, null, null, '3', '普通号', '普通号', '', '', '', '');
INSERT INTO `t_schedual` VALUES ('2016032615', '2016-03-26', '20009030500001', '15', '小儿外科', null, null, null, '6', '专家号', '专家号', '', '', '门诊一楼东区', '');
INSERT INTO `t_schedual` VALUES ('201603261566', '2016-03-26', '20009030500001', '1566', '皮肤邓仰福', null, null, null, '8', '主任号', '主任号', '', '', '', '');
INSERT INTO `t_schedual` VALUES ('2016032616', '2016-03-26', '20009030500001', '16', '烧伤科', null, null, null, '6', '专家号', '专家号', '', '', '门诊一楼西区', '');
INSERT INTO `t_schedual` VALUES ('20160326161', '2016-03-26', '20009030500001', '161', '放疗王擎玉', null, null, null, '8', '老专家号', '老专家号', '', '', '', '');
INSERT INTO `t_schedual` VALUES ('20160326166', '2016-03-26', '20009030500001', '166', '放疗李如玺', null, null, null, '8', '老专家号', '老专家号', '', '', '', '');
INSERT INTO `t_schedual` VALUES ('2016032617', '2016-03-26', '20009030500001', '17', '妇产科', null, null, null, '11', '妇产专家', '妇产专家', '', '', '门诊三楼东区', '');
INSERT INTO `t_schedual` VALUES ('2016032618', '2016-03-26', '20009030500001', '18', '眼科', null, null, null, '6', '专家号', '专家号', '', '', '门诊三楼西区', '');
INSERT INTO `t_schedual` VALUES ('2016032619', '2016-03-26', '20009030500001', '19', '小儿科', null, null, null, '6', '专家号', '专家号', '', '', '门诊二楼东区', '');
INSERT INTO `t_schedual` VALUES ('2016032620', '2016-03-26', '20009030500001', '20', '不孕不育门诊', null, null, null, '11', '妇产专家', '妇产专家', '', '', '门诊三楼东区', '');
INSERT INTO `t_schedual` VALUES ('2016032621', '2016-03-26', '20009030500001', '21', '耳鼻喉科', null, null, null, '6', '专家号', '专家号', '', '', '门诊三楼西区', '');
INSERT INTO `t_schedual` VALUES ('20160326219', '2016-03-26', '20009030500001', '219', '营养科', null, null, null, '6', '专家号', '专家号', '', '', '门诊三楼西区', '');
INSERT INTO `t_schedual` VALUES ('2016032622', '2016-03-26', '20009030500001', '22', '口腔科', null, null, null, '6', '专家号', '专家号', '', '', '口腔综合楼一楼', '');
INSERT INTO `t_schedual` VALUES ('20160326224', '2016-03-26', '20009030500001', '224', '磁共振室', null, null, null, '3', '普通号', '普通号', '', '', '', '');
INSERT INTO `t_schedual` VALUES ('2016032623', '2016-03-26', '20009030500001', '23', '皮肤科', null, null, null, '6', '专家号', '专家号', '', '', '门诊四楼西区', '');
INSERT INTO `t_schedual` VALUES ('2016032624', '2016-03-26', '20009030500001', '24', '肿瘤科', null, null, null, '6', '专家号', '专家号', '', '', '', '');
INSERT INTO `t_schedual` VALUES ('2016032625', '2016-03-26', '20009030500001', '25', '传染科', null, null, null, '6', '专家号', '专家号', '', '', '感染楼一楼', '');
INSERT INTO `t_schedual` VALUES ('2016032626', '2016-03-26', '20009030500001', '26', '疼痛科', null, null, null, '6', '专家号', '专家号', '', '', '', '');
INSERT INTO `t_schedual` VALUES ('2016032627', '2016-03-26', '20009030500001', '27', '美容科', null, null, null, '6', '专家号', '专家号', '', '', '门诊四楼西区', '');
INSERT INTO `t_schedual` VALUES ('2016032629', '2016-03-26', '20009030500001', '29', '中医科', null, null, null, '6', '专家号', '专家号', '', '', '门诊二楼东区', '');
INSERT INTO `t_schedual` VALUES ('2016032631', '2016-03-26', '20009030500001', '31', '中医普通', null, null, null, '3', '普通号', '普通号', '', '', '', '');
INSERT INTO `t_schedual` VALUES ('2016032641101', '2016-03-26', '20009030500001', '41101', '多学科综合门诊', null, null, null, '6', '专家号', '专家号', '', '', '门诊三楼西区', '');
INSERT INTO `t_schedual` VALUES ('2016032653', '2016-03-26', '20009030500001', '53', '妇产科门诊', null, null, null, '6', '专家号', '专家号', '', '', '', '');
INSERT INTO `t_schedual` VALUES ('2016032661', '2016-03-26', '20009030500001', '61', '急诊科', null, null, null, '6', '急诊号', '急诊号', '', '', '', '');
INSERT INTO `t_schedual` VALUES ('201603266199', '2016-03-26', '20009030500001', '6199', '儿科王玉兰', null, null, null, '8', '老专家号', '老专家号', '', '', '', '');
INSERT INTO `t_schedual` VALUES ('201603266302', '2016-03-26', '20009030500001', '6302', '内科朱崇第', null, null, null, '8', '老专家号', '老专家号', '', '', '', '');
INSERT INTO `t_schedual` VALUES ('201603266303', '2016-03-26', '20009030500001', '6303', '内科朱传由', null, null, null, '8', '老专家号', '老专家号', '', '', '', '');
INSERT INTO `t_schedual` VALUES ('201603266305', '2016-03-26', '20009030500001', '6305', '内科孙玉琴', null, null, null, '8', '老专家号', '老专家号', '', '', '', '');
INSERT INTO `t_schedual` VALUES ('201603266306', '2016-03-26', '20009030500001', '6306', '传染王福臣', null, null, null, '8', '老专家号', '老专家号', '', '', '', '');
INSERT INTO `t_schedual` VALUES ('201603266309', '2016-03-26', '20009030500001', '6309', '内科刘汉琪', null, null, null, '8', '老专家号', '老专家号', '', '', '', '');
INSERT INTO `t_schedual` VALUES ('201603266313', '2016-03-26', '20009030500001', '6313', '外科邹本章', null, null, null, '8', '老专家号', '老专家号', '', '', '', '');
INSERT INTO `t_schedual` VALUES ('201603266317', '2016-03-26', '20009030500001', '6317', '外科王兆允', null, null, null, '8', '老专家号', '老专家号', '', '', '', '');
INSERT INTO `t_schedual` VALUES ('201603266322', '2016-03-26', '20009030500001', '6322', '妇科郑素芳', null, null, null, '13', '老专家妇', '老专家妇', '', '', '', '');
INSERT INTO `t_schedual` VALUES ('201603266323', '2016-03-26', '20009030500001', '6323', '妇科李静', null, null, null, '13', '老专家妇', '老专家妇', '', '', '', '');
INSERT INTO `t_schedual` VALUES ('201603266331', '2016-03-26', '20009030500001', '6331', '儿科陈树藩', null, null, null, '8', '老专家号', '老专家号', '', '', '', '');
INSERT INTO `t_schedual` VALUES ('201603266332', '2016-03-26', '20009030500001', '6332', '儿科朱崇泉', null, null, null, '8', '老专家号', '老专家号', '', '', '', '');
INSERT INTO `t_schedual` VALUES ('201603266334', '2016-03-26', '20009030500001', '6334', '儿科李玉萍', null, null, null, '8', '老专家号', '老专家号', '', '', '', '');
INSERT INTO `t_schedual` VALUES ('201603266371', '2016-03-26', '20009030500001', '6371', '中医王玉贞', null, null, null, '8', '老专家号', '老专家号', '', '', '', '');
INSERT INTO `t_schedual` VALUES ('201603266382', '2016-03-26', '20009030500001', '6382', '内科张顺道', null, null, null, '8', '老专家号', '老专家号', '', '', '', '');
INSERT INTO `t_schedual` VALUES ('201603266666', '2016-03-26', '20009030500001', '6666', '便民门诊', null, null, null, '0', '便民门诊', '便民门诊', '', '', '门诊一楼西区', '');
INSERT INTO `t_schedual` VALUES ('201603266831', '2016-03-26', '20009030500001', '6831', '内科王秀兰', null, null, null, '8', '老专家号', '老专家号', '', '', '', '');
INSERT INTO `t_schedual` VALUES ('2016032687', '2016-03-26', '20009030500001', '87', '神经内急诊', null, null, null, '6', '急诊号', '急诊号', '', '', '', '');
INSERT INTO `t_schedual` VALUES ('2016032690', '2016-03-26', '20009030500001', '90', '碎石中心', null, null, null, '6', '专家号', '专家号', '', '', '', '');
INSERT INTO `t_schedual` VALUES ('201603269738', '2016-03-26', '20009030500001', '9738', '皮肤晁青', null, null, null, '6', '副主任号', '副主任号', '', '', '', '');
INSERT INTO `t_schedual` VALUES ('201603269966', '2016-03-26', '20009030500001', '9966', '肌病吴保凡', null, null, null, '6', '专家号', '专家号', '', '', '', '');
INSERT INTO `t_schedual` VALUES ('201603270018', '2016-03-27', '20009030500001', '0018', '血液桑玉旗', null, null, null, '8', '主任号', '主任号', '', '', '', '');
INSERT INTO `t_schedual` VALUES ('2016032701', '2016-03-27', '20009030500001', '01', '消化内科', null, null, null, '6', '专家号', '专家号', '', '', '门诊二楼西区', '');
INSERT INTO `t_schedual` VALUES ('2016032702', '2016-03-27', '20009030500001', '02', '血液内科', null, null, null, '6', '专家号', '专家号', '', '', '门诊二楼西区', '');
INSERT INTO `t_schedual` VALUES ('2016032703', '2016-03-27', '20009030500001', '03', '呼吸内科', null, null, null, '6', '专家号', '专家号', '', '', '门诊二楼西区', '');
INSERT INTO `t_schedual` VALUES ('2016032704', '2016-03-27', '20009030500001', '04', '泌尿内科', null, null, null, '6', '专家号', '专家号', '', '', '门诊二楼西区', '');
INSERT INTO `t_schedual` VALUES ('2016032705', '2016-03-27', '20009030500001', '05', '内分泌科', null, null, null, '6', '专家号', '专家号', '', '', '门诊二楼西区', '');
INSERT INTO `t_schedual` VALUES ('2016032706', '2016-03-27', '20009030500001', '06', '神经内科', null, null, null, '6', '专家号', '专家号', '', '', '门诊二楼西区', '');
INSERT INTO `t_schedual` VALUES ('2016032707', '2016-03-27', '20009030500001', '07', '心内科', null, null, null, '6', '专家号', '专家号', '', '', '门诊二楼西区', '');
INSERT INTO `t_schedual` VALUES ('201603270783', '2016-03-27', '20009030500001', '0783', '急诊付双来', null, null, null, '6', '副主任号', '副主任号', '', '', '', '');
INSERT INTO `t_schedual` VALUES ('2016032708', '2016-03-27', '20009030500001', '08', '老年病科', null, null, null, '6', '专家号', '专家号', '', '', '门诊二楼西区', '');
INSERT INTO `t_schedual` VALUES ('2016032709', '2016-03-27', '20009030500001', '09', '风湿科', null, null, null, '6', '专家号', '专家号', '', '', '门诊二楼西区', '');
INSERT INTO `t_schedual` VALUES ('2016032711', '2016-03-27', '20009030500001', '11', '胸外科', null, null, null, '6', '专家号', '专家号', '', '', '门诊一楼东区', '');
INSERT INTO `t_schedual` VALUES ('2016032711011', '2016-03-27', '20009030500001', '11011', '胃肠外科', null, null, null, '6', '专家号', '专家号', '', '', '门诊一楼东区', '');
INSERT INTO `t_schedual` VALUES ('2016032711012', '2016-03-27', '20009030500001', '11012', '两腺血管外科', null, null, null, '6', '专家号', '专家号', '', '', '门诊一楼东区', '');
INSERT INTO `t_schedual` VALUES ('2016032711013', '2016-03-27', '20009030500001', '11013', '肝胆疝外', null, null, null, '6', '专家号', '专家号', '', '', '门诊一楼东区', '');
INSERT INTO `t_schedual` VALUES ('201603271121', '2016-03-27', '20009030500001', '1121', '骨科普通', null, null, null, '3', '普通号', '普通号', '', '', '', '');
INSERT INTO `t_schedual` VALUES ('2016032711211', '2016-03-27', '20009030500001', '11211', '骨创外科', null, null, null, '6', '专家号', '专家号', '', '', '门诊一楼东区', '');
INSERT INTO `t_schedual` VALUES ('2016032711212', '2016-03-27', '20009030500001', '11212', '骨关节外科', null, null, null, '6', '专家号', '专家号', '', '', '门诊一楼东区', '');
INSERT INTO `t_schedual` VALUES ('2016032711213', '2016-03-27', '20009030500001', '11213', '脊柱外科', null, null, null, '6', '专家号', '专家号', '', '', '', '');
INSERT INTO `t_schedual` VALUES ('201603271151', '2016-03-27', '20009030500001', '1151', '妇产科普通', null, null, null, '3', '普通号', '普通号', '', '', '', '');
INSERT INTO `t_schedual` VALUES ('2016032712', '2016-03-27', '20009030500001', '12', '骨外科', null, null, null, '6', '专家号', '专家号', '', '', '', '');
INSERT INTO `t_schedual` VALUES ('201603271201', '2016-03-27', '20009030500001', '1201', '口腔普通', null, null, null, '3', '普通号', '普通号', '', '', '', '');
INSERT INTO `t_schedual` VALUES ('201603271289', '2016-03-27', '20009030500001', '1289', '烧伤于庆平', null, null, null, '6', '副主任号', '副主任号', '', '', '', '');
INSERT INTO `t_schedual` VALUES ('2016032713', '2016-03-27', '20009030500001', '13', '泌尿外科', null, null, null, '6', '专家号', '专家号', '', '', '门诊一楼东区', '');
INSERT INTO `t_schedual` VALUES ('201603271311', '2016-03-27', '20009030500001', '1311', '中医科特色门诊', null, null, null, '3', '普通号', '普通号', '', '', '门诊二楼东区', '');
INSERT INTO `t_schedual` VALUES ('20160327139', '2016-03-27', '20009030500001', '139', '心脏血管外科', null, null, null, '6', '专家号', '专家号', '', '', '门诊一楼东区', '');
INSERT INTO `t_schedual` VALUES ('2016032714', '2016-03-27', '20009030500001', '14', '神经外科', null, null, null, '6', '专家号', '专家号', '', '', '门诊一楼东区', '');
INSERT INTO `t_schedual` VALUES ('2016032714001', '2016-03-27', '20009030500001', '14001', '内科普通门诊', null, null, null, '3', '普通号', '普通号', '', '', '', '');
INSERT INTO `t_schedual` VALUES ('2016032714002', '2016-03-27', '20009030500001', '14002', '外科普通门诊', null, null, null, '3', '普通号', '普通号', '', '', '', '');
INSERT INTO `t_schedual` VALUES ('2016032714003', '2016-03-27', '20009030500001', '14003', '妇科普通门诊', null, null, null, '3', '普通号', '普通号', '', '', '', '');
INSERT INTO `t_schedual` VALUES ('2016032714004', '2016-03-27', '20009030500001', '14004', '儿科普通门诊', null, null, null, '3', '普通号', '普通号', '', '', '', '');
INSERT INTO `t_schedual` VALUES ('2016032714005', '2016-03-27', '20009030500001', '14005', '眼科普通门诊', null, null, null, '3', '普通号', '普通号', '', '', '', '');
INSERT INTO `t_schedual` VALUES ('2016032714006', '2016-03-27', '20009030500001', '14006', '耳鼻喉普通门诊', null, null, null, '3', '普通号', '普通号', '', '', '', '');
INSERT INTO `t_schedual` VALUES ('2016032714007', '2016-03-27', '20009030500001', '14007', '口腔普通门诊', null, null, null, '3', '普通号', '普通号', '', '', '', '');
INSERT INTO `t_schedual` VALUES ('2016032714008', '2016-03-27', '20009030500001', '14008', '皮肤普通门诊', null, null, null, '3', '普通号', '普通号', '', '', '', '');
INSERT INTO `t_schedual` VALUES ('2016032714009', '2016-03-27', '20009030500001', '14009', '营养科普通门诊', null, null, null, '3', '普通号', '普通号', '', '', '', '');
INSERT INTO `t_schedual` VALUES ('20160327141', '2016-03-27', '20009030500001', '141', 'PICC门诊', null, null, null, '3', '普通号', '普通号', '', '', '门诊三楼西区', '');
INSERT INTO `t_schedual` VALUES ('20160327142', '2016-03-27', '20009030500001', '142', '伤口造口门诊', null, null, null, '3', '普通号', '普通号', '', '', '', '');
INSERT INTO `t_schedual` VALUES ('2016032715', '2016-03-27', '20009030500001', '15', '小儿外科', null, null, null, '6', '专家号', '专家号', '', '', '门诊一楼东区', '');
INSERT INTO `t_schedual` VALUES ('201603271566', '2016-03-27', '20009030500001', '1566', '皮肤邓仰福', null, null, null, '8', '主任号', '主任号', '', '', '', '');
INSERT INTO `t_schedual` VALUES ('2016032716', '2016-03-27', '20009030500001', '16', '烧伤科', null, null, null, '6', '专家号', '专家号', '', '', '门诊一楼西区', '');
INSERT INTO `t_schedual` VALUES ('20160327161', '2016-03-27', '20009030500001', '161', '放疗王擎玉', null, null, null, '8', '老专家号', '老专家号', '', '', '', '');
INSERT INTO `t_schedual` VALUES ('20160327166', '2016-03-27', '20009030500001', '166', '放疗李如玺', null, null, null, '8', '老专家号', '老专家号', '', '', '', '');
INSERT INTO `t_schedual` VALUES ('2016032717', '2016-03-27', '20009030500001', '17', '妇产科', null, null, null, '11', '妇产专家', '妇产专家', '', '', '门诊三楼东区', '');
INSERT INTO `t_schedual` VALUES ('2016032718', '2016-03-27', '20009030500001', '18', '眼科', null, null, null, '6', '专家号', '专家号', '', '', '门诊三楼西区', '');
INSERT INTO `t_schedual` VALUES ('2016032719', '2016-03-27', '20009030500001', '19', '小儿科', null, null, null, '6', '专家号', '专家号', '', '', '门诊二楼东区', '');
INSERT INTO `t_schedual` VALUES ('2016032720', '2016-03-27', '20009030500001', '20', '不孕不育门诊', null, null, null, '11', '妇产专家', '妇产专家', '', '', '门诊三楼东区', '');
INSERT INTO `t_schedual` VALUES ('2016032721', '2016-03-27', '20009030500001', '21', '耳鼻喉科', null, null, null, '6', '专家号', '专家号', '', '', '门诊三楼西区', '');
INSERT INTO `t_schedual` VALUES ('20160327219', '2016-03-27', '20009030500001', '219', '营养科', null, null, null, '6', '专家号', '专家号', '', '', '门诊三楼西区', '');
INSERT INTO `t_schedual` VALUES ('2016032722', '2016-03-27', '20009030500001', '22', '口腔科', null, null, null, '6', '专家号', '专家号', '', '', '口腔综合楼一楼', '');
INSERT INTO `t_schedual` VALUES ('20160327224', '2016-03-27', '20009030500001', '224', '磁共振室', null, null, null, '3', '普通号', '普通号', '', '', '', '');
INSERT INTO `t_schedual` VALUES ('2016032723', '2016-03-27', '20009030500001', '23', '皮肤科', null, null, null, '6', '专家号', '专家号', '', '', '门诊四楼西区', '');
INSERT INTO `t_schedual` VALUES ('2016032724', '2016-03-27', '20009030500001', '24', '肿瘤科', null, null, null, '6', '专家号', '专家号', '', '', '', '');
INSERT INTO `t_schedual` VALUES ('2016032725', '2016-03-27', '20009030500001', '25', '传染科', null, null, null, '6', '专家号', '专家号', '', '', '感染楼一楼', '');
INSERT INTO `t_schedual` VALUES ('2016032726', '2016-03-27', '20009030500001', '26', '疼痛科', null, null, null, '6', '专家号', '专家号', '', '', '', '');
INSERT INTO `t_schedual` VALUES ('2016032727', '2016-03-27', '20009030500001', '27', '美容科', null, null, null, '6', '专家号', '专家号', '', '', '门诊四楼西区', '');
INSERT INTO `t_schedual` VALUES ('2016032729', '2016-03-27', '20009030500001', '29', '中医科', null, null, null, '6', '专家号', '专家号', '', '', '门诊二楼东区', '');
INSERT INTO `t_schedual` VALUES ('2016032731', '2016-03-27', '20009030500001', '31', '中医普通', null, null, null, '3', '普通号', '普通号', '', '', '', '');
INSERT INTO `t_schedual` VALUES ('2016032741101', '2016-03-27', '20009030500001', '41101', '多学科综合门诊', null, null, null, '6', '专家号', '专家号', '', '', '门诊三楼西区', '');
INSERT INTO `t_schedual` VALUES ('2016032753', '2016-03-27', '20009030500001', '53', '妇产科门诊', null, null, null, '6', '专家号', '专家号', '', '', '', '');
INSERT INTO `t_schedual` VALUES ('2016032761', '2016-03-27', '20009030500001', '61', '急诊科', null, null, null, '6', '急诊号', '急诊号', '', '', '', '');
INSERT INTO `t_schedual` VALUES ('201603276199', '2016-03-27', '20009030500001', '6199', '儿科王玉兰', null, null, null, '8', '老专家号', '老专家号', '', '', '', '');
INSERT INTO `t_schedual` VALUES ('201603276302', '2016-03-27', '20009030500001', '6302', '内科朱崇第', null, null, null, '8', '老专家号', '老专家号', '', '', '', '');
INSERT INTO `t_schedual` VALUES ('201603276303', '2016-03-27', '20009030500001', '6303', '内科朱传由', null, null, null, '8', '老专家号', '老专家号', '', '', '', '');
INSERT INTO `t_schedual` VALUES ('201603276305', '2016-03-27', '20009030500001', '6305', '内科孙玉琴', null, null, null, '8', '老专家号', '老专家号', '', '', '', '');
INSERT INTO `t_schedual` VALUES ('201603276306', '2016-03-27', '20009030500001', '6306', '传染王福臣', null, null, null, '8', '老专家号', '老专家号', '', '', '', '');
INSERT INTO `t_schedual` VALUES ('201603276309', '2016-03-27', '20009030500001', '6309', '内科刘汉琪', null, null, null, '8', '老专家号', '老专家号', '', '', '', '');
INSERT INTO `t_schedual` VALUES ('201603276313', '2016-03-27', '20009030500001', '6313', '外科邹本章', null, null, null, '8', '老专家号', '老专家号', '', '', '', '');
INSERT INTO `t_schedual` VALUES ('201603276317', '2016-03-27', '20009030500001', '6317', '外科王兆允', null, null, null, '8', '老专家号', '老专家号', '', '', '', '');
INSERT INTO `t_schedual` VALUES ('201603276322', '2016-03-27', '20009030500001', '6322', '妇科郑素芳', null, null, null, '13', '老专家妇', '老专家妇', '', '', '', '');
INSERT INTO `t_schedual` VALUES ('201603276323', '2016-03-27', '20009030500001', '6323', '妇科李静', null, null, null, '13', '老专家妇', '老专家妇', '', '', '', '');
INSERT INTO `t_schedual` VALUES ('201603276331', '2016-03-27', '20009030500001', '6331', '儿科陈树藩', null, null, null, '8', '老专家号', '老专家号', '', '', '', '');
INSERT INTO `t_schedual` VALUES ('201603276332', '2016-03-27', '20009030500001', '6332', '儿科朱崇泉', null, null, null, '8', '老专家号', '老专家号', '', '', '', '');
INSERT INTO `t_schedual` VALUES ('201603276334', '2016-03-27', '20009030500001', '6334', '儿科李玉萍', null, null, null, '8', '老专家号', '老专家号', '', '', '', '');
INSERT INTO `t_schedual` VALUES ('201603276371', '2016-03-27', '20009030500001', '6371', '中医王玉贞', null, null, null, '8', '老专家号', '老专家号', '', '', '', '');
INSERT INTO `t_schedual` VALUES ('201603276382', '2016-03-27', '20009030500001', '6382', '内科张顺道', null, null, null, '8', '老专家号', '老专家号', '', '', '', '');
INSERT INTO `t_schedual` VALUES ('201603276666', '2016-03-27', '20009030500001', '6666', '便民门诊', null, null, null, '0', '便民门诊', '便民门诊', '', '', '门诊一楼西区', '');
INSERT INTO `t_schedual` VALUES ('201603276831', '2016-03-27', '20009030500001', '6831', '内科王秀兰', null, null, null, '8', '老专家号', '老专家号', '', '', '', '');
INSERT INTO `t_schedual` VALUES ('2016032787', '2016-03-27', '20009030500001', '87', '神经内急诊', null, null, null, '6', '急诊号', '急诊号', '', '', '', '');
INSERT INTO `t_schedual` VALUES ('2016032790', '2016-03-27', '20009030500001', '90', '碎石中心', null, null, null, '6', '专家号', '专家号', '', '', '', '');
INSERT INTO `t_schedual` VALUES ('201603279738', '2016-03-27', '20009030500001', '9738', '皮肤晁青', null, null, null, '6', '副主任号', '副主任号', '', '', '', '');
INSERT INTO `t_schedual` VALUES ('201603279966', '2016-03-27', '20009030500001', '9966', '肌病吴保凡', null, null, null, '6', '专家号', '专家号', '', '', '', '');
INSERT INTO `t_schedual` VALUES ('201603280018', '2016-03-28', '20009030500001', '0018', '血液桑玉旗', null, null, null, '8', '主任号', '主任号', '', '', '', '');
INSERT INTO `t_schedual` VALUES ('2016032801', '2016-03-28', '20009030500001', '01', '消化内科', null, null, null, '6', '专家号', '专家号', '', '', '门诊二楼西区', '');
INSERT INTO `t_schedual` VALUES ('2016032802', '2016-03-28', '20009030500001', '02', '血液内科', null, null, null, '6', '专家号', '专家号', '', '', '门诊二楼西区', '');
INSERT INTO `t_schedual` VALUES ('2016032803', '2016-03-28', '20009030500001', '03', '呼吸内科', null, null, null, '6', '专家号', '专家号', '', '', '门诊二楼西区', '');
INSERT INTO `t_schedual` VALUES ('2016032804', '2016-03-28', '20009030500001', '04', '泌尿内科', null, null, null, '6', '专家号', '专家号', '', '', '门诊二楼西区', '');
INSERT INTO `t_schedual` VALUES ('2016032805', '2016-03-28', '20009030500001', '05', '内分泌科', null, null, null, '6', '专家号', '专家号', '', '', '门诊二楼西区', '');
INSERT INTO `t_schedual` VALUES ('2016032806', '2016-03-28', '20009030500001', '06', '神经内科', null, null, null, '6', '专家号', '专家号', '', '', '门诊二楼西区', '');
INSERT INTO `t_schedual` VALUES ('2016032807', '2016-03-28', '20009030500001', '07', '心内科', null, null, null, '6', '专家号', '专家号', '', '', '门诊二楼西区', '');
INSERT INTO `t_schedual` VALUES ('201603280783', '2016-03-28', '20009030500001', '0783', '急诊付双来', null, null, null, '6', '副主任号', '副主任号', '', '', '', '');
INSERT INTO `t_schedual` VALUES ('2016032808', '2016-03-28', '20009030500001', '08', '老年病科', null, null, null, '6', '专家号', '专家号', '', '', '门诊二楼西区', '');
INSERT INTO `t_schedual` VALUES ('2016032809', '2016-03-28', '20009030500001', '09', '风湿科', null, null, null, '6', '专家号', '专家号', '', '', '门诊二楼西区', '');
INSERT INTO `t_schedual` VALUES ('2016032811', '2016-03-28', '20009030500001', '11', '胸外科', null, null, null, '6', '专家号', '专家号', '', '', '门诊一楼东区', '');
INSERT INTO `t_schedual` VALUES ('2016032811011', '2016-03-28', '20009030500001', '11011', '胃肠外科', null, null, null, '6', '专家号', '专家号', '', '', '门诊一楼东区', '');
INSERT INTO `t_schedual` VALUES ('2016032811012', '2016-03-28', '20009030500001', '11012', '两腺血管外科', null, null, null, '6', '专家号', '专家号', '', '', '门诊一楼东区', '');
INSERT INTO `t_schedual` VALUES ('2016032811013', '2016-03-28', '20009030500001', '11013', '肝胆疝外', null, null, null, '6', '专家号', '专家号', '', '', '门诊一楼东区', '');
INSERT INTO `t_schedual` VALUES ('201603281121', '2016-03-28', '20009030500001', '1121', '骨科普通', null, null, null, '3', '普通号', '普通号', '', '', '', '');
INSERT INTO `t_schedual` VALUES ('2016032811211', '2016-03-28', '20009030500001', '11211', '骨创外科', null, null, null, '6', '专家号', '专家号', '', '', '门诊一楼东区', '');
INSERT INTO `t_schedual` VALUES ('2016032811212', '2016-03-28', '20009030500001', '11212', '骨关节外科', null, null, null, '6', '专家号', '专家号', '', '', '门诊一楼东区', '');
INSERT INTO `t_schedual` VALUES ('2016032811213', '2016-03-28', '20009030500001', '11213', '脊柱外科', null, null, null, '6', '专家号', '专家号', '', '', '', '');
INSERT INTO `t_schedual` VALUES ('201603281151', '2016-03-28', '20009030500001', '1151', '妇产科普通', null, null, null, '3', '普通号', '普通号', '', '', '', '');
INSERT INTO `t_schedual` VALUES ('2016032812', '2016-03-28', '20009030500001', '12', '骨外科', null, null, null, '6', '专家号', '专家号', '', '', '', '');
INSERT INTO `t_schedual` VALUES ('201603281201', '2016-03-28', '20009030500001', '1201', '口腔普通', null, null, null, '3', '普通号', '普通号', '', '', '', '');
INSERT INTO `t_schedual` VALUES ('201603281289', '2016-03-28', '20009030500001', '1289', '烧伤于庆平', null, null, null, '6', '副主任号', '副主任号', '', '', '', '');
INSERT INTO `t_schedual` VALUES ('2016032813', '2016-03-28', '20009030500001', '13', '泌尿外科', null, null, null, '6', '专家号', '专家号', '', '', '门诊一楼东区', '');
INSERT INTO `t_schedual` VALUES ('201603281311', '2016-03-28', '20009030500001', '1311', '中医科特色门诊', null, null, null, '3', '普通号', '普通号', '', '', '门诊二楼东区', '');
INSERT INTO `t_schedual` VALUES ('20160328139', '2016-03-28', '20009030500001', '139', '心脏血管外科', null, null, null, '6', '专家号', '专家号', '', '', '门诊一楼东区', '');
INSERT INTO `t_schedual` VALUES ('2016032814', '2016-03-28', '20009030500001', '14', '神经外科', null, null, null, '6', '专家号', '专家号', '', '', '门诊一楼东区', '');
INSERT INTO `t_schedual` VALUES ('2016032814001', '2016-03-28', '20009030500001', '14001', '内科普通门诊', null, null, null, '3', '普通号', '普通号', '', '', '', '');
INSERT INTO `t_schedual` VALUES ('2016032814002', '2016-03-28', '20009030500001', '14002', '外科普通门诊', null, null, null, '3', '普通号', '普通号', '', '', '', '');
INSERT INTO `t_schedual` VALUES ('2016032814003', '2016-03-28', '20009030500001', '14003', '妇科普通门诊', null, null, null, '3', '普通号', '普通号', '', '', '', '');
INSERT INTO `t_schedual` VALUES ('2016032814004', '2016-03-28', '20009030500001', '14004', '儿科普通门诊', null, null, null, '3', '普通号', '普通号', '', '', '', '');
INSERT INTO `t_schedual` VALUES ('2016032814005', '2016-03-28', '20009030500001', '14005', '眼科普通门诊', null, null, null, '3', '普通号', '普通号', '', '', '', '');
INSERT INTO `t_schedual` VALUES ('2016032814006', '2016-03-28', '20009030500001', '14006', '耳鼻喉普通门诊', null, null, null, '3', '普通号', '普通号', '', '', '', '');
INSERT INTO `t_schedual` VALUES ('2016032814007', '2016-03-28', '20009030500001', '14007', '口腔普通门诊', null, null, null, '3', '普通号', '普通号', '', '', '', '');
INSERT INTO `t_schedual` VALUES ('2016032814008', '2016-03-28', '20009030500001', '14008', '皮肤普通门诊', null, null, null, '3', '普通号', '普通号', '', '', '', '');
INSERT INTO `t_schedual` VALUES ('2016032814009', '2016-03-28', '20009030500001', '14009', '营养科普通门诊', null, null, null, '3', '普通号', '普通号', '', '', '', '');
INSERT INTO `t_schedual` VALUES ('20160328141', '2016-03-28', '20009030500001', '141', 'PICC门诊', null, null, null, '3', '普通号', '普通号', '', '', '门诊三楼西区', '');
INSERT INTO `t_schedual` VALUES ('20160328142', '2016-03-28', '20009030500001', '142', '伤口造口门诊', null, null, null, '3', '普通号', '普通号', '', '', '', '');
INSERT INTO `t_schedual` VALUES ('2016032815', '2016-03-28', '20009030500001', '15', '小儿外科', null, null, null, '6', '专家号', '专家号', '', '', '门诊一楼东区', '');
INSERT INTO `t_schedual` VALUES ('201603281566', '2016-03-28', '20009030500001', '1566', '皮肤邓仰福', null, null, null, '8', '主任号', '主任号', '', '', '', '');
INSERT INTO `t_schedual` VALUES ('2016032816', '2016-03-28', '20009030500001', '16', '烧伤科', null, null, null, '6', '专家号', '专家号', '', '', '门诊一楼西区', '');
INSERT INTO `t_schedual` VALUES ('20160328161', '2016-03-28', '20009030500001', '161', '放疗王擎玉', null, null, null, '8', '老专家号', '老专家号', '', '', '', '');
INSERT INTO `t_schedual` VALUES ('20160328166', '2016-03-28', '20009030500001', '166', '放疗李如玺', null, null, null, '8', '老专家号', '老专家号', '', '', '', '');
INSERT INTO `t_schedual` VALUES ('2016032817', '2016-03-28', '20009030500001', '17', '妇产科', null, null, null, '11', '妇产专家', '妇产专家', '', '', '门诊三楼东区', '');
INSERT INTO `t_schedual` VALUES ('2016032818', '2016-03-28', '20009030500001', '18', '眼科', null, null, null, '6', '专家号', '专家号', '', '', '门诊三楼西区', '');
INSERT INTO `t_schedual` VALUES ('2016032819', '2016-03-28', '20009030500001', '19', '小儿科', null, null, null, '6', '专家号', '专家号', '', '', '门诊二楼东区', '');
INSERT INTO `t_schedual` VALUES ('2016032820', '2016-03-28', '20009030500001', '20', '不孕不育门诊', null, null, null, '11', '妇产专家', '妇产专家', '', '', '门诊三楼东区', '');
INSERT INTO `t_schedual` VALUES ('2016032821', '2016-03-28', '20009030500001', '21', '耳鼻喉科', null, null, null, '6', '专家号', '专家号', '', '', '门诊三楼西区', '');
INSERT INTO `t_schedual` VALUES ('20160328219', '2016-03-28', '20009030500001', '219', '营养科', null, null, null, '6', '专家号', '专家号', '', '', '门诊三楼西区', '');
INSERT INTO `t_schedual` VALUES ('2016032822', '2016-03-28', '20009030500001', '22', '口腔科', null, null, null, '6', '专家号', '专家号', '', '', '口腔综合楼一楼', '');
INSERT INTO `t_schedual` VALUES ('20160328224', '2016-03-28', '20009030500001', '224', '磁共振室', null, null, null, '3', '普通号', '普通号', '', '', '', '');
INSERT INTO `t_schedual` VALUES ('2016032823', '2016-03-28', '20009030500001', '23', '皮肤科', null, null, null, '6', '专家号', '专家号', '', '', '门诊四楼西区', '');
INSERT INTO `t_schedual` VALUES ('2016032824', '2016-03-28', '20009030500001', '24', '肿瘤科', null, null, null, '6', '专家号', '专家号', '', '', '', '');
INSERT INTO `t_schedual` VALUES ('2016032825', '2016-03-28', '20009030500001', '25', '传染科', null, null, null, '6', '专家号', '专家号', '', '', '感染楼一楼', '');
INSERT INTO `t_schedual` VALUES ('2016032826', '2016-03-28', '20009030500001', '26', '疼痛科', null, null, null, '6', '专家号', '专家号', '', '', '', '');
INSERT INTO `t_schedual` VALUES ('2016032827', '2016-03-28', '20009030500001', '27', '美容科', null, null, null, '6', '专家号', '专家号', '', '', '门诊四楼西区', '');
INSERT INTO `t_schedual` VALUES ('2016032829', '2016-03-28', '20009030500001', '29', '中医科', null, null, null, '6', '专家号', '专家号', '', '', '门诊二楼东区', '');
INSERT INTO `t_schedual` VALUES ('2016032831', '2016-03-28', '20009030500001', '31', '中医普通', null, null, null, '3', '普通号', '普通号', '', '', '', '');
INSERT INTO `t_schedual` VALUES ('2016032841101', '2016-03-28', '20009030500001', '41101', '多学科综合门诊', null, null, null, '6', '专家号', '专家号', '', '', '门诊三楼西区', '');
INSERT INTO `t_schedual` VALUES ('2016032853', '2016-03-28', '20009030500001', '53', '妇产科门诊', null, null, null, '6', '专家号', '专家号', '', '', '', '');
INSERT INTO `t_schedual` VALUES ('2016032861', '2016-03-28', '20009030500001', '61', '急诊科', null, null, null, '6', '急诊号', '急诊号', '', '', '', '');
INSERT INTO `t_schedual` VALUES ('201603286199', '2016-03-28', '20009030500001', '6199', '儿科王玉兰', null, null, null, '8', '老专家号', '老专家号', '', '', '', '');
INSERT INTO `t_schedual` VALUES ('201603286302', '2016-03-28', '20009030500001', '6302', '内科朱崇第', null, null, null, '8', '老专家号', '老专家号', '', '', '', '');
INSERT INTO `t_schedual` VALUES ('201603286303', '2016-03-28', '20009030500001', '6303', '内科朱传由', null, null, null, '8', '老专家号', '老专家号', '', '', '', '');
INSERT INTO `t_schedual` VALUES ('201603286305', '2016-03-28', '20009030500001', '6305', '内科孙玉琴', null, null, null, '8', '老专家号', '老专家号', '', '', '', '');
INSERT INTO `t_schedual` VALUES ('201603286306', '2016-03-28', '20009030500001', '6306', '传染王福臣', null, null, null, '8', '老专家号', '老专家号', '', '', '', '');
INSERT INTO `t_schedual` VALUES ('201603286309', '2016-03-28', '20009030500001', '6309', '内科刘汉琪', null, null, null, '8', '老专家号', '老专家号', '', '', '', '');
INSERT INTO `t_schedual` VALUES ('201603286313', '2016-03-28', '20009030500001', '6313', '外科邹本章', null, null, null, '8', '老专家号', '老专家号', '', '', '', '');
INSERT INTO `t_schedual` VALUES ('201603286317', '2016-03-28', '20009030500001', '6317', '外科王兆允', null, null, null, '8', '老专家号', '老专家号', '', '', '', '');
INSERT INTO `t_schedual` VALUES ('201603286322', '2016-03-28', '20009030500001', '6322', '妇科郑素芳', null, null, null, '13', '老专家妇', '老专家妇', '', '', '', '');
INSERT INTO `t_schedual` VALUES ('201603286323', '2016-03-28', '20009030500001', '6323', '妇科李静', null, null, null, '13', '老专家妇', '老专家妇', '', '', '', '');
INSERT INTO `t_schedual` VALUES ('201603286331', '2016-03-28', '20009030500001', '6331', '儿科陈树藩', null, null, null, '8', '老专家号', '老专家号', '', '', '', '');
INSERT INTO `t_schedual` VALUES ('201603286332', '2016-03-28', '20009030500001', '6332', '儿科朱崇泉', null, null, null, '8', '老专家号', '老专家号', '', '', '', '');
INSERT INTO `t_schedual` VALUES ('201603286334', '2016-03-28', '20009030500001', '6334', '儿科李玉萍', null, null, null, '8', '老专家号', '老专家号', '', '', '', '');
INSERT INTO `t_schedual` VALUES ('201603286371', '2016-03-28', '20009030500001', '6371', '中医王玉贞', null, null, null, '8', '老专家号', '老专家号', '', '', '', '');
INSERT INTO `t_schedual` VALUES ('201603286382', '2016-03-28', '20009030500001', '6382', '内科张顺道', null, null, null, '8', '老专家号', '老专家号', '', '', '', '');
INSERT INTO `t_schedual` VALUES ('201603286666', '2016-03-28', '20009030500001', '6666', '便民门诊', null, null, null, '0', '便民门诊', '便民门诊', '', '', '门诊一楼西区', '');
INSERT INTO `t_schedual` VALUES ('201603286831', '2016-03-28', '20009030500001', '6831', '内科王秀兰', null, null, null, '8', '老专家号', '老专家号', '', '', '', '');
INSERT INTO `t_schedual` VALUES ('2016032887', '2016-03-28', '20009030500001', '87', '神经内急诊', null, null, null, '6', '急诊号', '急诊号', '', '', '', '');
INSERT INTO `t_schedual` VALUES ('2016032890', '2016-03-28', '20009030500001', '90', '碎石中心', null, null, null, '6', '专家号', '专家号', '', '', '', '');
INSERT INTO `t_schedual` VALUES ('201603289738', '2016-03-28', '20009030500001', '9738', '皮肤晁青', null, null, null, '6', '副主任号', '副主任号', '', '', '', '');
INSERT INTO `t_schedual` VALUES ('201603289966', '2016-03-28', '20009030500001', '9966', '肌病吴保凡', null, null, null, '6', '专家号', '专家号', '', '', '', '');
INSERT INTO `t_schedual` VALUES ('201603290018', '2016-03-29', '20009030500001', '0018', '血液桑玉旗', null, null, null, '8', '主任号', '主任号', '', '', '', '');
INSERT INTO `t_schedual` VALUES ('2016032901', '2016-03-29', '20009030500001', '01', '消化内科', null, null, null, '6', '专家号', '专家号', '', '', '门诊二楼西区', '');
INSERT INTO `t_schedual` VALUES ('2016032902', '2016-03-29', '20009030500001', '02', '血液内科', null, null, null, '6', '专家号', '专家号', '', '', '门诊二楼西区', '');
INSERT INTO `t_schedual` VALUES ('2016032903', '2016-03-29', '20009030500001', '03', '呼吸内科', null, null, null, '6', '专家号', '专家号', '', '', '门诊二楼西区', '');
INSERT INTO `t_schedual` VALUES ('2016032904', '2016-03-29', '20009030500001', '04', '泌尿内科', null, null, null, '6', '专家号', '专家号', '', '', '门诊二楼西区', '');
INSERT INTO `t_schedual` VALUES ('2016032905', '2016-03-29', '20009030500001', '05', '内分泌科', null, null, null, '6', '专家号', '专家号', '', '', '门诊二楼西区', '');
INSERT INTO `t_schedual` VALUES ('2016032906', '2016-03-29', '20009030500001', '06', '神经内科', null, null, null, '6', '专家号', '专家号', '', '', '门诊二楼西区', '');
INSERT INTO `t_schedual` VALUES ('2016032907', '2016-03-29', '20009030500001', '07', '心内科', null, null, null, '6', '专家号', '专家号', '', '', '门诊二楼西区', '');
INSERT INTO `t_schedual` VALUES ('201603290783', '2016-03-29', '20009030500001', '0783', '急诊付双来', null, null, null, '6', '副主任号', '副主任号', '', '', '', '');
INSERT INTO `t_schedual` VALUES ('2016032908', '2016-03-29', '20009030500001', '08', '老年病科', null, null, null, '6', '专家号', '专家号', '', '', '门诊二楼西区', '');
INSERT INTO `t_schedual` VALUES ('2016032909', '2016-03-29', '20009030500001', '09', '风湿科', null, null, null, '6', '专家号', '专家号', '', '', '门诊二楼西区', '');
INSERT INTO `t_schedual` VALUES ('2016032911', '2016-03-29', '20009030500001', '11', '胸外科', null, null, null, '6', '专家号', '专家号', '', '', '门诊一楼东区', '');
INSERT INTO `t_schedual` VALUES ('2016032911011', '2016-03-29', '20009030500001', '11011', '胃肠外科', null, null, null, '6', '专家号', '专家号', '', '', '门诊一楼东区', '');
INSERT INTO `t_schedual` VALUES ('2016032911012', '2016-03-29', '20009030500001', '11012', '两腺血管外科', null, null, null, '6', '专家号', '专家号', '', '', '门诊一楼东区', '');
INSERT INTO `t_schedual` VALUES ('2016032911013', '2016-03-29', '20009030500001', '11013', '肝胆疝外', null, null, null, '6', '专家号', '专家号', '', '', '门诊一楼东区', '');
INSERT INTO `t_schedual` VALUES ('201603291121', '2016-03-29', '20009030500001', '1121', '骨科普通', null, null, null, '3', '普通号', '普通号', '', '', '', '');
INSERT INTO `t_schedual` VALUES ('2016032911211', '2016-03-29', '20009030500001', '11211', '骨创外科', null, null, null, '6', '专家号', '专家号', '', '', '门诊一楼东区', '');
INSERT INTO `t_schedual` VALUES ('2016032911212', '2016-03-29', '20009030500001', '11212', '骨关节外科', null, null, null, '6', '专家号', '专家号', '', '', '门诊一楼东区', '');
INSERT INTO `t_schedual` VALUES ('2016032911213', '2016-03-29', '20009030500001', '11213', '脊柱外科', null, null, null, '6', '专家号', '专家号', '', '', '', '');
INSERT INTO `t_schedual` VALUES ('201603291151', '2016-03-29', '20009030500001', '1151', '妇产科普通', null, null, null, '3', '普通号', '普通号', '', '', '', '');
INSERT INTO `t_schedual` VALUES ('2016032912', '2016-03-29', '20009030500001', '12', '骨外科', null, null, null, '6', '专家号', '专家号', '', '', '', '');
INSERT INTO `t_schedual` VALUES ('201603291201', '2016-03-29', '20009030500001', '1201', '口腔普通', null, null, null, '3', '普通号', '普通号', '', '', '', '');
INSERT INTO `t_schedual` VALUES ('201603291289', '2016-03-29', '20009030500001', '1289', '烧伤于庆平', null, null, null, '6', '副主任号', '副主任号', '', '', '', '');
INSERT INTO `t_schedual` VALUES ('2016032913', '2016-03-29', '20009030500001', '13', '泌尿外科', null, null, null, '6', '专家号', '专家号', '', '', '门诊一楼东区', '');
INSERT INTO `t_schedual` VALUES ('201603291311', '2016-03-29', '20009030500001', '1311', '中医科特色门诊', null, null, null, '3', '普通号', '普通号', '', '', '门诊二楼东区', '');
INSERT INTO `t_schedual` VALUES ('20160329139', '2016-03-29', '20009030500001', '139', '心脏血管外科', null, null, null, '6', '专家号', '专家号', '', '', '门诊一楼东区', '');
INSERT INTO `t_schedual` VALUES ('2016032914', '2016-03-29', '20009030500001', '14', '神经外科', null, null, null, '6', '专家号', '专家号', '', '', '门诊一楼东区', '');
INSERT INTO `t_schedual` VALUES ('2016032914001', '2016-03-29', '20009030500001', '14001', '内科普通门诊', null, null, null, '3', '普通号', '普通号', '', '', '', '');
INSERT INTO `t_schedual` VALUES ('2016032914002', '2016-03-29', '20009030500001', '14002', '外科普通门诊', null, null, null, '3', '普通号', '普通号', '', '', '', '');
INSERT INTO `t_schedual` VALUES ('2016032914003', '2016-03-29', '20009030500001', '14003', '妇科普通门诊', null, null, null, '3', '普通号', '普通号', '', '', '', '');
INSERT INTO `t_schedual` VALUES ('2016032914004', '2016-03-29', '20009030500001', '14004', '儿科普通门诊', null, null, null, '3', '普通号', '普通号', '', '', '', '');
INSERT INTO `t_schedual` VALUES ('2016032914005', '2016-03-29', '20009030500001', '14005', '眼科普通门诊', null, null, null, '3', '普通号', '普通号', '', '', '', '');
INSERT INTO `t_schedual` VALUES ('2016032914006', '2016-03-29', '20009030500001', '14006', '耳鼻喉普通门诊', null, null, null, '3', '普通号', '普通号', '', '', '', '');
INSERT INTO `t_schedual` VALUES ('2016032914007', '2016-03-29', '20009030500001', '14007', '口腔普通门诊', null, null, null, '3', '普通号', '普通号', '', '', '', '');
INSERT INTO `t_schedual` VALUES ('2016032914008', '2016-03-29', '20009030500001', '14008', '皮肤普通门诊', null, null, null, '3', '普通号', '普通号', '', '', '', '');
INSERT INTO `t_schedual` VALUES ('2016032914009', '2016-03-29', '20009030500001', '14009', '营养科普通门诊', null, null, null, '3', '普通号', '普通号', '', '', '', '');
INSERT INTO `t_schedual` VALUES ('20160329141', '2016-03-29', '20009030500001', '141', 'PICC门诊', null, null, null, '3', '普通号', '普通号', '', '', '门诊三楼西区', '');
INSERT INTO `t_schedual` VALUES ('20160329142', '2016-03-29', '20009030500001', '142', '伤口造口门诊', null, null, null, '3', '普通号', '普通号', '', '', '', '');
INSERT INTO `t_schedual` VALUES ('2016032915', '2016-03-29', '20009030500001', '15', '小儿外科', null, null, null, '6', '专家号', '专家号', '', '', '门诊一楼东区', '');
INSERT INTO `t_schedual` VALUES ('201603291566', '2016-03-29', '20009030500001', '1566', '皮肤邓仰福', null, null, null, '8', '主任号', '主任号', '', '', '', '');
INSERT INTO `t_schedual` VALUES ('2016032916', '2016-03-29', '20009030500001', '16', '烧伤科', null, null, null, '6', '专家号', '专家号', '', '', '门诊一楼西区', '');
INSERT INTO `t_schedual` VALUES ('20160329161', '2016-03-29', '20009030500001', '161', '放疗王擎玉', null, null, null, '8', '老专家号', '老专家号', '', '', '', '');
INSERT INTO `t_schedual` VALUES ('20160329166', '2016-03-29', '20009030500001', '166', '放疗李如玺', null, null, null, '8', '老专家号', '老专家号', '', '', '', '');
INSERT INTO `t_schedual` VALUES ('2016032917', '2016-03-29', '20009030500001', '17', '妇产科', null, null, null, '11', '妇产专家', '妇产专家', '', '', '门诊三楼东区', '');
INSERT INTO `t_schedual` VALUES ('2016032918', '2016-03-29', '20009030500001', '18', '眼科', null, null, null, '6', '专家号', '专家号', '', '', '门诊三楼西区', '');
INSERT INTO `t_schedual` VALUES ('2016032919', '2016-03-29', '20009030500001', '19', '小儿科', null, null, null, '6', '专家号', '专家号', '', '', '门诊二楼东区', '');
INSERT INTO `t_schedual` VALUES ('2016032920', '2016-03-29', '20009030500001', '20', '不孕不育门诊', null, null, null, '11', '妇产专家', '妇产专家', '', '', '门诊三楼东区', '');
INSERT INTO `t_schedual` VALUES ('2016032921', '2016-03-29', '20009030500001', '21', '耳鼻喉科', null, null, null, '6', '专家号', '专家号', '', '', '门诊三楼西区', '');
INSERT INTO `t_schedual` VALUES ('20160329219', '2016-03-29', '20009030500001', '219', '营养科', null, null, null, '6', '专家号', '专家号', '', '', '门诊三楼西区', '');
INSERT INTO `t_schedual` VALUES ('2016032922', '2016-03-29', '20009030500001', '22', '口腔科', null, null, null, '6', '专家号', '专家号', '', '', '口腔综合楼一楼', '');
INSERT INTO `t_schedual` VALUES ('20160329224', '2016-03-29', '20009030500001', '224', '磁共振室', null, null, null, '3', '普通号', '普通号', '', '', '', '');
INSERT INTO `t_schedual` VALUES ('2016032923', '2016-03-29', '20009030500001', '23', '皮肤科', null, null, null, '6', '专家号', '专家号', '', '', '门诊四楼西区', '');
INSERT INTO `t_schedual` VALUES ('2016032924', '2016-03-29', '20009030500001', '24', '肿瘤科', null, null, null, '6', '专家号', '专家号', '', '', '', '');
INSERT INTO `t_schedual` VALUES ('2016032925', '2016-03-29', '20009030500001', '25', '传染科', null, null, null, '6', '专家号', '专家号', '', '', '感染楼一楼', '');
INSERT INTO `t_schedual` VALUES ('2016032926', '2016-03-29', '20009030500001', '26', '疼痛科', null, null, null, '6', '专家号', '专家号', '', '', '', '');
INSERT INTO `t_schedual` VALUES ('2016032927', '2016-03-29', '20009030500001', '27', '美容科', null, null, null, '6', '专家号', '专家号', '', '', '门诊四楼西区', '');
INSERT INTO `t_schedual` VALUES ('2016032929', '2016-03-29', '20009030500001', '29', '中医科', null, null, null, '6', '专家号', '专家号', '', '', '门诊二楼东区', '');
INSERT INTO `t_schedual` VALUES ('2016032931', '2016-03-29', '20009030500001', '31', '中医普通', null, null, null, '3', '普通号', '普通号', '', '', '', '');
INSERT INTO `t_schedual` VALUES ('2016032941101', '2016-03-29', '20009030500001', '41101', '多学科综合门诊', null, null, null, '6', '专家号', '专家号', '', '', '门诊三楼西区', '');
INSERT INTO `t_schedual` VALUES ('2016032953', '2016-03-29', '20009030500001', '53', '妇产科门诊', null, null, null, '6', '专家号', '专家号', '', '', '', '');
INSERT INTO `t_schedual` VALUES ('2016032961', '2016-03-29', '20009030500001', '61', '急诊科', null, null, null, '6', '急诊号', '急诊号', '', '', '', '');
INSERT INTO `t_schedual` VALUES ('201603296199', '2016-03-29', '20009030500001', '6199', '儿科王玉兰', null, null, null, '8', '老专家号', '老专家号', '', '', '', '');
INSERT INTO `t_schedual` VALUES ('201603296302', '2016-03-29', '20009030500001', '6302', '内科朱崇第', null, null, null, '8', '老专家号', '老专家号', '', '', '', '');
INSERT INTO `t_schedual` VALUES ('201603296303', '2016-03-29', '20009030500001', '6303', '内科朱传由', null, null, null, '8', '老专家号', '老专家号', '', '', '', '');
INSERT INTO `t_schedual` VALUES ('201603296305', '2016-03-29', '20009030500001', '6305', '内科孙玉琴', null, null, null, '8', '老专家号', '老专家号', '', '', '', '');
INSERT INTO `t_schedual` VALUES ('201603296306', '2016-03-29', '20009030500001', '6306', '传染王福臣', null, null, null, '8', '老专家号', '老专家号', '', '', '', '');
INSERT INTO `t_schedual` VALUES ('201603296309', '2016-03-29', '20009030500001', '6309', '内科刘汉琪', null, null, null, '8', '老专家号', '老专家号', '', '', '', '');
INSERT INTO `t_schedual` VALUES ('201603296313', '2016-03-29', '20009030500001', '6313', '外科邹本章', null, null, null, '8', '老专家号', '老专家号', '', '', '', '');
INSERT INTO `t_schedual` VALUES ('201603296317', '2016-03-29', '20009030500001', '6317', '外科王兆允', null, null, null, '8', '老专家号', '老专家号', '', '', '', '');
INSERT INTO `t_schedual` VALUES ('201603296322', '2016-03-29', '20009030500001', '6322', '妇科郑素芳', null, null, null, '13', '老专家妇', '老专家妇', '', '', '', '');
INSERT INTO `t_schedual` VALUES ('201603296323', '2016-03-29', '20009030500001', '6323', '妇科李静', null, null, null, '13', '老专家妇', '老专家妇', '', '', '', '');
INSERT INTO `t_schedual` VALUES ('201603296331', '2016-03-29', '20009030500001', '6331', '儿科陈树藩', null, null, null, '8', '老专家号', '老专家号', '', '', '', '');
INSERT INTO `t_schedual` VALUES ('201603296332', '2016-03-29', '20009030500001', '6332', '儿科朱崇泉', null, null, null, '8', '老专家号', '老专家号', '', '', '', '');
INSERT INTO `t_schedual` VALUES ('201603296334', '2016-03-29', '20009030500001', '6334', '儿科李玉萍', null, null, null, '8', '老专家号', '老专家号', '', '', '', '');
INSERT INTO `t_schedual` VALUES ('201603296371', '2016-03-29', '20009030500001', '6371', '中医王玉贞', null, null, null, '8', '老专家号', '老专家号', '', '', '', '');
INSERT INTO `t_schedual` VALUES ('201603296382', '2016-03-29', '20009030500001', '6382', '内科张顺道', null, null, null, '8', '老专家号', '老专家号', '', '', '', '');
INSERT INTO `t_schedual` VALUES ('201603296666', '2016-03-29', '20009030500001', '6666', '便民门诊', null, null, null, '0', '便民门诊', '便民门诊', '', '', '门诊一楼西区', '');
INSERT INTO `t_schedual` VALUES ('201603296831', '2016-03-29', '20009030500001', '6831', '内科王秀兰', null, null, null, '8', '老专家号', '老专家号', '', '', '', '');
INSERT INTO `t_schedual` VALUES ('2016032987', '2016-03-29', '20009030500001', '87', '神经内急诊', null, null, null, '6', '急诊号', '急诊号', '', '', '', '');
INSERT INTO `t_schedual` VALUES ('2016032990', '2016-03-29', '20009030500001', '90', '碎石中心', null, null, null, '6', '专家号', '专家号', '', '', '', '');
INSERT INTO `t_schedual` VALUES ('201603299738', '2016-03-29', '20009030500001', '9738', '皮肤晁青', null, null, null, '6', '副主任号', '副主任号', '', '', '', '');
INSERT INTO `t_schedual` VALUES ('201603299966', '2016-03-29', '20009030500001', '9966', '肌病吴保凡', null, null, null, '6', '专家号', '专家号', '', '', '', '');
INSERT INTO `t_schedual` VALUES ('201603300018', '2016-03-30', '20009030500001', '0018', '血液桑玉旗', null, null, null, '8', '主任号', '主任号', '', '', '', '');
INSERT INTO `t_schedual` VALUES ('2016033001', '2016-03-30', '20009030500001', '01', '消化内科', null, null, null, '6', '专家号', '专家号', '', '', '门诊二楼西区', '');
INSERT INTO `t_schedual` VALUES ('2016033002', '2016-03-30', '20009030500001', '02', '血液内科', null, null, null, '6', '专家号', '专家号', '', '', '门诊二楼西区', '');
INSERT INTO `t_schedual` VALUES ('2016033003', '2016-03-30', '20009030500001', '03', '呼吸内科', null, null, null, '6', '专家号', '专家号', '', '', '门诊二楼西区', '');
INSERT INTO `t_schedual` VALUES ('2016033004', '2016-03-30', '20009030500001', '04', '泌尿内科', null, null, null, '6', '专家号', '专家号', '', '', '门诊二楼西区', '');
INSERT INTO `t_schedual` VALUES ('2016033005', '2016-03-30', '20009030500001', '05', '内分泌科', null, null, null, '6', '专家号', '专家号', '', '', '门诊二楼西区', '');
INSERT INTO `t_schedual` VALUES ('2016033006', '2016-03-30', '20009030500001', '06', '神经内科', null, null, null, '6', '专家号', '专家号', '', '', '门诊二楼西区', '');
INSERT INTO `t_schedual` VALUES ('2016033007', '2016-03-30', '20009030500001', '07', '心内科', null, null, null, '6', '专家号', '专家号', '', '', '门诊二楼西区', '');
INSERT INTO `t_schedual` VALUES ('201603300783', '2016-03-30', '20009030500001', '0783', '急诊付双来', null, null, null, '6', '副主任号', '副主任号', '', '', '', '');
INSERT INTO `t_schedual` VALUES ('2016033008', '2016-03-30', '20009030500001', '08', '老年病科', null, null, null, '6', '专家号', '专家号', '', '', '门诊二楼西区', '');
INSERT INTO `t_schedual` VALUES ('2016033009', '2016-03-30', '20009030500001', '09', '风湿科', null, null, null, '6', '专家号', '专家号', '', '', '门诊二楼西区', '');
INSERT INTO `t_schedual` VALUES ('2016033011', '2016-03-30', '20009030500001', '11', '胸外科', null, null, null, '6', '专家号', '专家号', '', '', '门诊一楼东区', '');
INSERT INTO `t_schedual` VALUES ('2016033011011', '2016-03-30', '20009030500001', '11011', '胃肠外科', null, null, null, '6', '专家号', '专家号', '', '', '门诊一楼东区', '');
INSERT INTO `t_schedual` VALUES ('2016033011012', '2016-03-30', '20009030500001', '11012', '两腺血管外科', null, null, null, '6', '专家号', '专家号', '', '', '门诊一楼东区', '');
INSERT INTO `t_schedual` VALUES ('2016033011013', '2016-03-30', '20009030500001', '11013', '肝胆疝外', null, null, null, '6', '专家号', '专家号', '', '', '门诊一楼东区', '');
INSERT INTO `t_schedual` VALUES ('201603301121', '2016-03-30', '20009030500001', '1121', '骨科普通', null, null, null, '3', '普通号', '普通号', '', '', '', '');
INSERT INTO `t_schedual` VALUES ('2016033011211', '2016-03-30', '20009030500001', '11211', '骨创外科', null, null, null, '6', '专家号', '专家号', '', '', '门诊一楼东区', '');
INSERT INTO `t_schedual` VALUES ('2016033011212', '2016-03-30', '20009030500001', '11212', '骨关节外科', null, null, null, '6', '专家号', '专家号', '', '', '门诊一楼东区', '');
INSERT INTO `t_schedual` VALUES ('2016033011213', '2016-03-30', '20009030500001', '11213', '脊柱外科', null, null, null, '6', '专家号', '专家号', '', '', '', '');
INSERT INTO `t_schedual` VALUES ('201603301151', '2016-03-30', '20009030500001', '1151', '妇产科普通', null, null, null, '3', '普通号', '普通号', '', '', '', '');
INSERT INTO `t_schedual` VALUES ('2016033012', '2016-03-30', '20009030500001', '12', '骨外科', null, null, null, '6', '专家号', '专家号', '', '', '', '');
INSERT INTO `t_schedual` VALUES ('201603301201', '2016-03-30', '20009030500001', '1201', '口腔普通', null, null, null, '3', '普通号', '普通号', '', '', '', '');
INSERT INTO `t_schedual` VALUES ('201603301289', '2016-03-30', '20009030500001', '1289', '烧伤于庆平', null, null, null, '6', '副主任号', '副主任号', '', '', '', '');
INSERT INTO `t_schedual` VALUES ('2016033013', '2016-03-30', '20009030500001', '13', '泌尿外科', null, null, null, '6', '专家号', '专家号', '', '', '门诊一楼东区', '');
INSERT INTO `t_schedual` VALUES ('201603301311', '2016-03-30', '20009030500001', '1311', '中医科特色门诊', null, null, null, '3', '普通号', '普通号', '', '', '门诊二楼东区', '');
INSERT INTO `t_schedual` VALUES ('20160330139', '2016-03-30', '20009030500001', '139', '心脏血管外科', null, null, null, '6', '专家号', '专家号', '', '', '门诊一楼东区', '');
INSERT INTO `t_schedual` VALUES ('2016033014', '2016-03-30', '20009030500001', '14', '神经外科', null, null, null, '6', '专家号', '专家号', '', '', '门诊一楼东区', '');
INSERT INTO `t_schedual` VALUES ('2016033014001', '2016-03-30', '20009030500001', '14001', '内科普通门诊', null, null, null, '3', '普通号', '普通号', '', '', '', '');
INSERT INTO `t_schedual` VALUES ('2016033014002', '2016-03-30', '20009030500001', '14002', '外科普通门诊', null, null, null, '3', '普通号', '普通号', '', '', '', '');
INSERT INTO `t_schedual` VALUES ('2016033014003', '2016-03-30', '20009030500001', '14003', '妇科普通门诊', null, null, null, '3', '普通号', '普通号', '', '', '', '');
INSERT INTO `t_schedual` VALUES ('2016033014004', '2016-03-30', '20009030500001', '14004', '儿科普通门诊', null, null, null, '3', '普通号', '普通号', '', '', '', '');
INSERT INTO `t_schedual` VALUES ('2016033014005', '2016-03-30', '20009030500001', '14005', '眼科普通门诊', null, null, null, '3', '普通号', '普通号', '', '', '', '');
INSERT INTO `t_schedual` VALUES ('2016033014006', '2016-03-30', '20009030500001', '14006', '耳鼻喉普通门诊', null, null, null, '3', '普通号', '普通号', '', '', '', '');
INSERT INTO `t_schedual` VALUES ('2016033014007', '2016-03-30', '20009030500001', '14007', '口腔普通门诊', null, null, null, '3', '普通号', '普通号', '', '', '', '');
INSERT INTO `t_schedual` VALUES ('2016033014008', '2016-03-30', '20009030500001', '14008', '皮肤普通门诊', null, null, null, '3', '普通号', '普通号', '', '', '', '');
INSERT INTO `t_schedual` VALUES ('2016033014009', '2016-03-30', '20009030500001', '14009', '营养科普通门诊', null, null, null, '3', '普通号', '普通号', '', '', '', '');
INSERT INTO `t_schedual` VALUES ('20160330141', '2016-03-30', '20009030500001', '141', 'PICC门诊', null, null, null, '3', '普通号', '普通号', '', '', '门诊三楼西区', '');
INSERT INTO `t_schedual` VALUES ('20160330142', '2016-03-30', '20009030500001', '142', '伤口造口门诊', null, null, null, '3', '普通号', '普通号', '', '', '', '');
INSERT INTO `t_schedual` VALUES ('2016033015', '2016-03-30', '20009030500001', '15', '小儿外科', null, null, null, '6', '专家号', '专家号', '', '', '门诊一楼东区', '');
INSERT INTO `t_schedual` VALUES ('201603301566', '2016-03-30', '20009030500001', '1566', '皮肤邓仰福', null, null, null, '8', '主任号', '主任号', '', '', '', '');
INSERT INTO `t_schedual` VALUES ('2016033016', '2016-03-30', '20009030500001', '16', '烧伤科', null, null, null, '6', '专家号', '专家号', '', '', '门诊一楼西区', '');
INSERT INTO `t_schedual` VALUES ('20160330161', '2016-03-30', '20009030500001', '161', '放疗王擎玉', null, null, null, '8', '老专家号', '老专家号', '', '', '', '');
INSERT INTO `t_schedual` VALUES ('20160330166', '2016-03-30', '20009030500001', '166', '放疗李如玺', null, null, null, '8', '老专家号', '老专家号', '', '', '', '');
INSERT INTO `t_schedual` VALUES ('2016033017', '2016-03-30', '20009030500001', '17', '妇产科', null, null, null, '11', '妇产专家', '妇产专家', '', '', '门诊三楼东区', '');
INSERT INTO `t_schedual` VALUES ('2016033018', '2016-03-30', '20009030500001', '18', '眼科', null, null, null, '6', '专家号', '专家号', '', '', '门诊三楼西区', '');
INSERT INTO `t_schedual` VALUES ('2016033019', '2016-03-30', '20009030500001', '19', '小儿科', null, null, null, '6', '专家号', '专家号', '', '', '门诊二楼东区', '');
INSERT INTO `t_schedual` VALUES ('2016033020', '2016-03-30', '20009030500001', '20', '不孕不育门诊', null, null, null, '11', '妇产专家', '妇产专家', '', '', '门诊三楼东区', '');
INSERT INTO `t_schedual` VALUES ('2016033021', '2016-03-30', '20009030500001', '21', '耳鼻喉科', null, null, null, '6', '专家号', '专家号', '', '', '门诊三楼西区', '');
INSERT INTO `t_schedual` VALUES ('20160330219', '2016-03-30', '20009030500001', '219', '营养科', null, null, null, '6', '专家号', '专家号', '', '', '门诊三楼西区', '');
INSERT INTO `t_schedual` VALUES ('2016033022', '2016-03-30', '20009030500001', '22', '口腔科', null, null, null, '6', '专家号', '专家号', '', '', '口腔综合楼一楼', '');
INSERT INTO `t_schedual` VALUES ('20160330224', '2016-03-30', '20009030500001', '224', '磁共振室', null, null, null, '3', '普通号', '普通号', '', '', '', '');
INSERT INTO `t_schedual` VALUES ('2016033023', '2016-03-30', '20009030500001', '23', '皮肤科', null, null, null, '6', '专家号', '专家号', '', '', '门诊四楼西区', '');
INSERT INTO `t_schedual` VALUES ('2016033024', '2016-03-30', '20009030500001', '24', '肿瘤科', null, null, null, '6', '专家号', '专家号', '', '', '', '');
INSERT INTO `t_schedual` VALUES ('2016033025', '2016-03-30', '20009030500001', '25', '传染科', null, null, null, '6', '专家号', '专家号', '', '', '感染楼一楼', '');
INSERT INTO `t_schedual` VALUES ('2016033026', '2016-03-30', '20009030500001', '26', '疼痛科', null, null, null, '6', '专家号', '专家号', '', '', '', '');
INSERT INTO `t_schedual` VALUES ('2016033027', '2016-03-30', '20009030500001', '27', '美容科', null, null, null, '6', '专家号', '专家号', '', '', '门诊四楼西区', '');
INSERT INTO `t_schedual` VALUES ('2016033029', '2016-03-30', '20009030500001', '29', '中医科', null, null, null, '6', '专家号', '专家号', '', '', '门诊二楼东区', '');
INSERT INTO `t_schedual` VALUES ('2016033031', '2016-03-30', '20009030500001', '31', '中医普通', null, null, null, '3', '普通号', '普通号', '', '', '', '');
INSERT INTO `t_schedual` VALUES ('2016033041101', '2016-03-30', '20009030500001', '41101', '多学科综合门诊', null, null, null, '6', '专家号', '专家号', '', '', '门诊三楼西区', '');
INSERT INTO `t_schedual` VALUES ('2016033053', '2016-03-30', '20009030500001', '53', '妇产科门诊', null, null, null, '6', '专家号', '专家号', '', '', '', '');
INSERT INTO `t_schedual` VALUES ('2016033061', '2016-03-30', '20009030500001', '61', '急诊科', null, null, null, '6', '急诊号', '急诊号', '', '', '', '');
INSERT INTO `t_schedual` VALUES ('201603306199', '2016-03-30', '20009030500001', '6199', '儿科王玉兰', null, null, null, '8', '老专家号', '老专家号', '', '', '', '');
INSERT INTO `t_schedual` VALUES ('201603306302', '2016-03-30', '20009030500001', '6302', '内科朱崇第', null, null, null, '8', '老专家号', '老专家号', '', '', '', '');
INSERT INTO `t_schedual` VALUES ('201603306303', '2016-03-30', '20009030500001', '6303', '内科朱传由', null, null, null, '8', '老专家号', '老专家号', '', '', '', '');
INSERT INTO `t_schedual` VALUES ('201603306305', '2016-03-30', '20009030500001', '6305', '内科孙玉琴', null, null, null, '8', '老专家号', '老专家号', '', '', '', '');
INSERT INTO `t_schedual` VALUES ('201603306306', '2016-03-30', '20009030500001', '6306', '传染王福臣', null, null, null, '8', '老专家号', '老专家号', '', '', '', '');
INSERT INTO `t_schedual` VALUES ('201603306309', '2016-03-30', '20009030500001', '6309', '内科刘汉琪', null, null, null, '8', '老专家号', '老专家号', '', '', '', '');
INSERT INTO `t_schedual` VALUES ('201603306313', '2016-03-30', '20009030500001', '6313', '外科邹本章', null, null, null, '8', '老专家号', '老专家号', '', '', '', '');
INSERT INTO `t_schedual` VALUES ('201603306317', '2016-03-30', '20009030500001', '6317', '外科王兆允', null, null, null, '8', '老专家号', '老专家号', '', '', '', '');
INSERT INTO `t_schedual` VALUES ('201603306322', '2016-03-30', '20009030500001', '6322', '妇科郑素芳', null, null, null, '13', '老专家妇', '老专家妇', '', '', '', '');
INSERT INTO `t_schedual` VALUES ('201603306323', '2016-03-30', '20009030500001', '6323', '妇科李静', null, null, null, '13', '老专家妇', '老专家妇', '', '', '', '');
INSERT INTO `t_schedual` VALUES ('201603306331', '2016-03-30', '20009030500001', '6331', '儿科陈树藩', null, null, null, '8', '老专家号', '老专家号', '', '', '', '');
INSERT INTO `t_schedual` VALUES ('201603306332', '2016-03-30', '20009030500001', '6332', '儿科朱崇泉', null, null, null, '8', '老专家号', '老专家号', '', '', '', '');
INSERT INTO `t_schedual` VALUES ('201603306334', '2016-03-30', '20009030500001', '6334', '儿科李玉萍', null, null, null, '8', '老专家号', '老专家号', '', '', '', '');
INSERT INTO `t_schedual` VALUES ('201603306371', '2016-03-30', '20009030500001', '6371', '中医王玉贞', null, null, null, '8', '老专家号', '老专家号', '', '', '', '');
INSERT INTO `t_schedual` VALUES ('201603306382', '2016-03-30', '20009030500001', '6382', '内科张顺道', null, null, null, '8', '老专家号', '老专家号', '', '', '', '');
INSERT INTO `t_schedual` VALUES ('201603306666', '2016-03-30', '20009030500001', '6666', '便民门诊', null, null, null, '0', '便民门诊', '便民门诊', '', '', '门诊一楼西区', '');
INSERT INTO `t_schedual` VALUES ('201603306831', '2016-03-30', '20009030500001', '6831', '内科王秀兰', null, null, null, '8', '老专家号', '老专家号', '', '', '', '');
INSERT INTO `t_schedual` VALUES ('2016033087', '2016-03-30', '20009030500001', '87', '神经内急诊', null, null, null, '6', '急诊号', '急诊号', '', '', '', '');
INSERT INTO `t_schedual` VALUES ('2016033090', '2016-03-30', '20009030500001', '90', '碎石中心', null, null, null, '6', '专家号', '专家号', '', '', '', '');
INSERT INTO `t_schedual` VALUES ('201603309738', '2016-03-30', '20009030500001', '9738', '皮肤晁青', null, null, null, '6', '副主任号', '副主任号', '', '', '', '');
INSERT INTO `t_schedual` VALUES ('201603309966', '2016-03-30', '20009030500001', '9966', '肌病吴保凡', null, null, null, '6', '专家号', '专家号', '', '', '', '');
